<?xml version="1.0" encoding="UTF-8"?>
<hibernate-generic datetime="2016-05-16 10:42:27">
<object class="Space" package="com.atlassian.confluence.spaces">
<id name="id">1114114</id>
<property name="name"><![CDATA[eMarketplace]]></property>
<property name="key"><![CDATA[EM]]></property>
<property name="description" class="SpaceDescription" package="com.atlassian.confluence.spaces"><id name="id">983061</id>
</property>
<property name="homePage" class="Page" package="com.atlassian.confluence.pages"><id name="id">983062</id>
</property>
<collection name="permissions" class="java.util.Collection"><element class="SpacePermission" package="com.atlassian.confluence.security"><id name="id">852043</id>
</element>
<element class="SpacePermission" package="com.atlassian.confluence.security"><id name="id">852044</id>
</element>
<element class="SpacePermission" package="com.atlassian.confluence.security"><id name="id">852045</id>
</element>
<element class="SpacePermission" package="com.atlassian.confluence.security"><id name="id">852046</id>
</element>
<element class="SpacePermission" package="com.atlassian.confluence.security"><id name="id">852047</id>
</element>
<element class="SpacePermission" package="com.atlassian.confluence.security"><id name="id">852048</id>
</element>
<element class="SpacePermission" package="com.atlassian.confluence.security"><id name="id">852049</id>
</element>
<element class="SpacePermission" package="com.atlassian.confluence.security"><id name="id">852050</id>
</element>
<element class="SpacePermission" package="com.atlassian.confluence.security"><id name="id">852051</id>
</element>
<element class="SpacePermission" package="com.atlassian.confluence.security"><id name="id">852052</id>
</element>
<element class="SpacePermission" package="com.atlassian.confluence.security"><id name="id">852053</id>
</element>
<element class="SpacePermission" package="com.atlassian.confluence.security"><id name="id">852054</id>
</element>
<element class="SpacePermission" package="com.atlassian.confluence.security"><id name="id">852055</id>
</element>
<element class="SpacePermission" package="com.atlassian.confluence.security"><id name="id">852056</id>
</element>
<element class="SpacePermission" package="com.atlassian.confluence.security"><id name="id">852057</id>
</element>
<element class="SpacePermission" package="com.atlassian.confluence.security"><id name="id">852058</id>
</element>
<element class="SpacePermission" package="com.atlassian.confluence.security"><id name="id">852059</id>
</element>
<element class="SpacePermission" package="com.atlassian.confluence.security"><id name="id">852060</id>
</element>
<element class="SpacePermission" package="com.atlassian.confluence.security"><id name="id">852061</id>
</element>
<element class="SpacePermission" package="com.atlassian.confluence.security"><id name="id">852062</id>
</element>
<element class="SpacePermission" package="com.atlassian.confluence.security"><id name="id">852063</id>
</element>
</collection>
<property name="creator" class="ConfluenceUserImpl" package="com.atlassian.confluence.user"><id name="key">2c9f809154b685fd0154b68777c20002</id>
</property>
<property name="creationDate">2016-05-16 00:54:01.000</property>
<property name="lastModifier" class="ConfluenceUserImpl" package="com.atlassian.confluence.user"><id name="key">2c9f809154b685fd0154b68777c20002</id>
</property>
<property name="lastModificationDate">2016-05-16 00:54:01.000</property>
<property name="spaceType">global</property>
<property name="spaceStatus" enum-class="SpaceStatus" package="com.atlassian.confluence.spaces">CURRENT</property>
</object>
<object class="Page" package="com.atlassian.confluence.pages">
<id name="id">983062</id>
<property name="position"/><collection name="children" class="java.util.Collection"><element class="Page" package="com.atlassian.confluence.pages"><id name="id">983064</id>
</element>
</collection>
<property name="space" class="Space" package="com.atlassian.confluence.spaces"><id name="id">1114114</id>
</property>
<property name="hibernateVersion">1</property>
<property name="title"><![CDATA[eMarketplace Home]]></property>
<collection name="bodyContents" class="java.util.Collection"><element class="BodyContent" package="com.atlassian.confluence.core"><id name="id">1048593</id>
</element>
</collection>
<collection name="contentProperties" class="java.util.Collection"><element class="ContentProperty" package="com.atlassian.confluence.content"><id name="id">1015856</id>
</element>
<element class="ContentProperty" package="com.atlassian.confluence.content"><id name="id">1015857</id>
</element>
<element class="ContentProperty" package="com.atlassian.confluence.content"><id name="id">1015858</id>
</element>
<element class="ContentProperty" package="com.atlassian.confluence.content"><id name="id">1015859</id>
</element>
</collection>
<property name="version">1</property>
<property name="creator" class="ConfluenceUserImpl" package="com.atlassian.confluence.user"><id name="key">2c9f809154b685fd0154b68777c20002</id>
</property>
<property name="creationDate">2016-05-16 00:54:01.849</property>
<property name="lastModifier" class="ConfluenceUserImpl" package="com.atlassian.confluence.user"><id name="key">2c9f809154b685fd0154b68777c20002</id>
</property>
<property name="lastModificationDate">2016-05-16 00:54:01.849</property>
<property name="versionComment"><![CDATA[]]></property>
<property name="originalVersionId"/><property name="contentStatus"><![CDATA[current]]></property>
</object>
<object class="Page" package="com.atlassian.confluence.pages">
<id name="id">983064</id>
<property name="position"/><property name="parent" class="Page" package="com.atlassian.confluence.pages"><id name="id">983062</id>
</property>
<collection name="ancestors" class="java.util.List"><element class="Page" package="com.atlassian.confluence.pages"><id name="id">983062</id>
</element>
</collection>
<property name="space" class="Space" package="com.atlassian.confluence.spaces"><id name="id">1114114</id>
</property>
<property name="hibernateVersion">2</property>
<property name="title"><![CDATA[HTML5]]></property>
<collection name="bodyContents" class="java.util.Collection"><element class="BodyContent" package="com.atlassian.confluence.core"><id name="id">1048595</id>
</element>
</collection>
<collection name="contentProperties" class="java.util.Collection"><element class="ContentProperty" package="com.atlassian.confluence.content"><id name="id">1015861</id>
</element>
</collection>
<property name="version">1</property>
<property name="creator" class="ConfluenceUserImpl" package="com.atlassian.confluence.user"><id name="key">2c9f809154b685fd0154b68777c20002</id>
</property>
<property name="creationDate">2016-05-16 00:57:58.584</property>
<property name="lastModifier" class="ConfluenceUserImpl" package="com.atlassian.confluence.user"><id name="key">2c9f809154b685fd0154b68777c20002</id>
</property>
<property name="lastModificationDate">2016-05-16 00:57:58.584</property>
<property name="versionComment"><![CDATA[]]></property>
<property name="originalVersionId"/><property name="contentStatus"><![CDATA[current]]></property>
</object>
<object class="Notification" package="com.atlassian.confluence.mail.notification">
<id name="id">1081348</id>
<property name="content" class="Page" package="com.atlassian.confluence.pages"><id name="id">983062</id>
</property>
<property name="receiver" class="ConfluenceUserImpl" package="com.atlassian.confluence.user"><id name="key">2c9f809154b685fd0154b68777c20002</id>
</property>
<property name="creator" class="ConfluenceUserImpl" package="com.atlassian.confluence.user"><id name="key">2c9f809154b685fd0154b68777c20002</id>
</property>
<property name="creationDate">2016-05-16 00:54:01.000</property>
<property name="lastModifier" class="ConfluenceUserImpl" package="com.atlassian.confluence.user"><id name="key">2c9f809154b685fd0154b68777c20002</id>
</property>
<property name="lastModificationDate">2016-05-16 00:54:01.000</property>
<property name="digest">false</property>
<property name="network">false</property>
<property name="type" enum-class="ContentTypeEnum" package="com.atlassian.confluence.search.service">page</property>
</object>
<object class="Notification" package="com.atlassian.confluence.mail.notification">
<id name="id">1081349</id>
<property name="content" class="Page" package="com.atlassian.confluence.pages"><id name="id">983064</id>
</property>
<property name="receiver" class="ConfluenceUserImpl" package="com.atlassian.confluence.user"><id name="key">2c9f809154b685fd0154b68777c20002</id>
</property>
<property name="creator" class="ConfluenceUserImpl" package="com.atlassian.confluence.user"><id name="key">2c9f809154b685fd0154b68777c20002</id>
</property>
<property name="creationDate">2016-05-16 00:57:58.000</property>
<property name="lastModifier" class="ConfluenceUserImpl" package="com.atlassian.confluence.user"><id name="key">2c9f809154b685fd0154b68777c20002</id>
</property>
<property name="lastModificationDate">2016-05-16 00:57:58.000</property>
<property name="digest">false</property>
<property name="network">false</property>
<property name="type" enum-class="ContentTypeEnum" package="com.atlassian.confluence.search.service">page</property>
</object>
<object class="ConfluenceUserImpl" package="com.atlassian.confluence.user">
<id name="key">2c9f809154b685fd0154b68777c20002</id>
<property name="name"><![CDATA[bancha]]></property>
<property name="lowerName"><![CDATA[bancha]]></property>
</object>
<object class="BodyContent" package="com.atlassian.confluence.core">
<id name="id">1048595</id>
<property name="body"><![CDATA[<p>After have a discussion with Karthik and Venkat, Venkat would like to ask the myplace team how they customize the jsp from Hybris standard.</p><p>Venkat said the Hybris support jquery and bootstrab</p>]]></property>
<property name="content" class="Page" package="com.atlassian.confluence.pages"><id name="id">983064</id>
</property>
<property name="bodyType">2</property>
</object>
<object class="BodyContent" package="com.atlassian.confluence.core">
<id name="id">1048593</id>
<property name="body"><![CDATA[
<ac:layout><ac:layout-section ac:type="single"><ac:layout-cell>
<ac:structured-macro ac:macro-id="b981e39e-22f7-457f-95f6-6ff46aa9a153" ac:name="tip" ac:schema-version="1"><ac:parameter ac:name="title">Welcome to your new space!</ac:parameter><ac:rich-text-body>
                    <p>Confluence spaces are great for sharing content and news with your team. This is your home page. Right now it shows recent space activity, but you can customize this page in anyway you like.</p>
                </ac:rich-text-body></ac:structured-macro><h2>Complete these tasks to get started</h2><ac:task-list>
<ac:task>
<ac:task-id>5</ac:task-id>
<ac:task-status>incomplete</ac:task-status>
<ac:task-body>
                        <strong>Edit this home page</strong> - Click <em>Edit</em> in the top right of this screen to customize your Space home page
                    </ac:task-body>
</ac:task>
<ac:task>
<ac:task-id>6</ac:task-id>
<ac:task-status>incomplete</ac:task-status>
<ac:task-body>
                        <strong>Create your first page</strong> - Click the <em>Create</em> button in the header to get started
                    </ac:task-body>
</ac:task>
<ac:task>
<ac:task-id>7</ac:task-id>
<ac:task-status>incomplete</ac:task-status>
<ac:task-body>
                        <strong>Brand your Space</strong> - Click <em>Configure Sidebar</em> in the left panel to update space details and logo
                    </ac:task-body>
</ac:task>
<ac:task>
<ac:task-id>8</ac:task-id>
<ac:task-status>incomplete</ac:task-status>
<ac:task-body>
                        <strong>Set permissions</strong> - Click <em>Space Tools</em> in the left sidebar to update permissions and give others access
                    </ac:task-body>
</ac:task>
</ac:task-list>

<p>&nbsp;</p></ac:layout-cell></ac:layout-section><ac:layout-section ac:type="two_equal"><ac:layout-cell>
<h2>Recent space activity</h2><p>
                    <ac:structured-macro ac:macro-id="eb21ca86-dacd-4f9a-8df7-1da2e76c31b9" ac:name="recently-updated" ac:schema-version="1"><ac:parameter ac:name="types">page, comment, blogpost</ac:parameter><ac:parameter ac:name="max">5</ac:parameter><ac:parameter ac:name="hideHeading">true</ac:parameter><ac:parameter ac:name="theme">social</ac:parameter></ac:structured-macro>
                </p></ac:layout-cell><ac:layout-cell>
<h2>Space contributors</h2><p>
                    <ac:structured-macro ac:macro-id="879e1499-0ab9-4220-871d-63e4572ee91b" ac:name="contributors" ac:schema-version="1"><ac:parameter ac:name="mode">list</ac:parameter><ac:parameter ac:name="scope">descendants</ac:parameter><ac:parameter ac:name="limit">5</ac:parameter><ac:parameter ac:name="showLastTime">true</ac:parameter><ac:parameter ac:name="order">update</ac:parameter></ac:structured-macro>
                </p></ac:layout-cell></ac:layout-section><ac:layout-section ac:type="single"><ac:layout-cell>
<p>&nbsp;</p></ac:layout-cell></ac:layout-section></ac:layout>]]></property>
<property name="content" class="Page" package="com.atlassian.confluence.pages"><id name="id">983062</id>
</property>
<property name="bodyType">2</property>
</object>
<object class="SpaceDescription" package="com.atlassian.confluence.spaces">
<id name="id">983061</id>
<property name="space" class="Space" package="com.atlassian.confluence.spaces"><id name="id">1114114</id>
</property>
<property name="hibernateVersion">1</property>
<property name="title"/><collection name="bodyContents" class="java.util.Collection"><element class="BodyContent" package="com.atlassian.confluence.core"><id name="id">1048592</id>
</element>
</collection>
<property name="version">1</property>
<property name="creator" class="ConfluenceUserImpl" package="com.atlassian.confluence.user"><id name="key">2c9f809154b685fd0154b68777c20002</id>
</property>
<property name="creationDate">2016-05-16 00:54:01.827</property>
<property name="lastModifier" class="ConfluenceUserImpl" package="com.atlassian.confluence.user"><id name="key">2c9f809154b685fd0154b68777c20002</id>
</property>
<property name="lastModificationDate">2016-05-16 00:54:01.827</property>
<property name="versionComment"><![CDATA[]]></property>
<property name="originalVersionId"/><property name="contentStatus"><![CDATA[current]]></property>
</object>
<object class="SpacePermission" package="com.atlassian.confluence.security">
<id name="id">852055</id>
<property name="space" class="Space" package="com.atlassian.confluence.spaces"><id name="id">1114114</id>
</property>
<property name="type"><![CDATA[REMOVEMAIL]]></property>
<property name="group"/><property name="userSubject" class="ConfluenceUserImpl" package="com.atlassian.confluence.user"><id name="key">2c9f809154b685fd0154b68777c20002</id>
</property>
<property name="allUsersSubject"/><property name="creator" class="ConfluenceUserImpl" package="com.atlassian.confluence.user"><id name="key">2c9f809154b685fd0154b68777c20002</id>
</property>
<property name="creationDate">2016-05-16 00:54:01.000</property>
<property name="lastModifier" class="ConfluenceUserImpl" package="com.atlassian.confluence.user"><id name="key">2c9f809154b685fd0154b68777c20002</id>
</property>
<property name="lastModificationDate">2016-05-16 00:54:01.000</property>
</object>
<object class="SpacePermission" package="com.atlassian.confluence.security">
<id name="id">852054</id>
<property name="space" class="Space" package="com.atlassian.confluence.spaces"><id name="id">1114114</id>
</property>
<property name="type"><![CDATA[EXPORTSPACE]]></property>
<property name="group"/><property name="userSubject" class="ConfluenceUserImpl" package="com.atlassian.confluence.user"><id name="key">2c9f809154b685fd0154b68777c20002</id>
</property>
<property name="allUsersSubject"/><property name="creator" class="ConfluenceUserImpl" package="com.atlassian.confluence.user"><id name="key">2c9f809154b685fd0154b68777c20002</id>
</property>
<property name="creationDate">2016-05-16 00:54:01.000</property>
<property name="lastModifier" class="ConfluenceUserImpl" package="com.atlassian.confluence.user"><id name="key">2c9f809154b685fd0154b68777c20002</id>
</property>
<property name="lastModificationDate">2016-05-16 00:54:01.000</property>
</object>
<object class="SpacePermission" package="com.atlassian.confluence.security">
<id name="id">852057</id>
<property name="space" class="Space" package="com.atlassian.confluence.spaces"><id name="id">1114114</id>
</property>
<property name="type"><![CDATA[COMMENT]]></property>
<property name="group"><![CDATA[confluence-users]]></property>
<property name="allUsersSubject"/><property name="creator" class="ConfluenceUserImpl" package="com.atlassian.confluence.user"><id name="key">2c9f809154b685fd0154b68777c20002</id>
</property>
<property name="creationDate">2016-05-16 00:54:01.000</property>
<property name="lastModifier" class="ConfluenceUserImpl" package="com.atlassian.confluence.user"><id name="key">2c9f809154b685fd0154b68777c20002</id>
</property>
<property name="lastModificationDate">2016-05-16 00:54:01.000</property>
</object>
<object class="SpacePermission" package="com.atlassian.confluence.security">
<id name="id">852056</id>
<property name="space" class="Space" package="com.atlassian.confluence.spaces"><id name="id">1114114</id>
</property>
<property name="type"><![CDATA[SETPAGEPERMISSIONS]]></property>
<property name="group"/><property name="userSubject" class="ConfluenceUserImpl" package="com.atlassian.confluence.user"><id name="key">2c9f809154b685fd0154b68777c20002</id>
</property>
<property name="allUsersSubject"/><property name="creator" class="ConfluenceUserImpl" package="com.atlassian.confluence.user"><id name="key">2c9f809154b685fd0154b68777c20002</id>
</property>
<property name="creationDate">2016-05-16 00:54:01.000</property>
<property name="lastModifier" class="ConfluenceUserImpl" package="com.atlassian.confluence.user"><id name="key">2c9f809154b685fd0154b68777c20002</id>
</property>
<property name="lastModificationDate">2016-05-16 00:54:01.000</property>
</object>
<object class="SpacePermission" package="com.atlassian.confluence.security">
<id name="id">852051</id>
<property name="space" class="Space" package="com.atlassian.confluence.spaces"><id name="id">1114114</id>
</property>
<property name="type"><![CDATA[REMOVEATTACHMENT]]></property>
<property name="group"/><property name="userSubject" class="ConfluenceUserImpl" package="com.atlassian.confluence.user"><id name="key">2c9f809154b685fd0154b68777c20002</id>
</property>
<property name="allUsersSubject"/><property name="creator" class="ConfluenceUserImpl" package="com.atlassian.confluence.user"><id name="key">2c9f809154b685fd0154b68777c20002</id>
</property>
<property name="creationDate">2016-05-16 00:54:01.000</property>
<property name="lastModifier" class="ConfluenceUserImpl" package="com.atlassian.confluence.user"><id name="key">2c9f809154b685fd0154b68777c20002</id>
</property>
<property name="lastModificationDate">2016-05-16 00:54:01.000</property>
</object>
<object class="SpacePermission" package="com.atlassian.confluence.security">
<id name="id">852050</id>
<property name="space" class="Space" package="com.atlassian.confluence.spaces"><id name="id">1114114</id>
</property>
<property name="type"><![CDATA[CREATEATTACHMENT]]></property>
<property name="group"/><property name="userSubject" class="ConfluenceUserImpl" package="com.atlassian.confluence.user"><id name="key">2c9f809154b685fd0154b68777c20002</id>
</property>
<property name="allUsersSubject"/><property name="creator" class="ConfluenceUserImpl" package="com.atlassian.confluence.user"><id name="key">2c9f809154b685fd0154b68777c20002</id>
</property>
<property name="creationDate">2016-05-16 00:54:01.000</property>
<property name="lastModifier" class="ConfluenceUserImpl" package="com.atlassian.confluence.user"><id name="key">2c9f809154b685fd0154b68777c20002</id>
</property>
<property name="lastModificationDate">2016-05-16 00:54:01.000</property>
</object>
<object class="SpacePermission" package="com.atlassian.confluence.security">
<id name="id">852053</id>
<property name="space" class="Space" package="com.atlassian.confluence.spaces"><id name="id">1114114</id>
</property>
<property name="type"><![CDATA[EXPORTPAGE]]></property>
<property name="group"/><property name="userSubject" class="ConfluenceUserImpl" package="com.atlassian.confluence.user"><id name="key">2c9f809154b685fd0154b68777c20002</id>
</property>
<property name="allUsersSubject"/><property name="creator" class="ConfluenceUserImpl" package="com.atlassian.confluence.user"><id name="key">2c9f809154b685fd0154b68777c20002</id>
</property>
<property name="creationDate">2016-05-16 00:54:01.000</property>
<property name="lastModifier" class="ConfluenceUserImpl" package="com.atlassian.confluence.user"><id name="key">2c9f809154b685fd0154b68777c20002</id>
</property>
<property name="lastModificationDate">2016-05-16 00:54:01.000</property>
</object>
<object class="SpacePermission" package="com.atlassian.confluence.security">
<id name="id">852052</id>
<property name="space" class="Space" package="com.atlassian.confluence.spaces"><id name="id">1114114</id>
</property>
<property name="type"><![CDATA[EDITBLOG]]></property>
<property name="group"/><property name="userSubject" class="ConfluenceUserImpl" package="com.atlassian.confluence.user"><id name="key">2c9f809154b685fd0154b68777c20002</id>
</property>
<property name="allUsersSubject"/><property name="creator" class="ConfluenceUserImpl" package="com.atlassian.confluence.user"><id name="key">2c9f809154b685fd0154b68777c20002</id>
</property>
<property name="creationDate">2016-05-16 00:54:01.000</property>
<property name="lastModifier" class="ConfluenceUserImpl" package="com.atlassian.confluence.user"><id name="key">2c9f809154b685fd0154b68777c20002</id>
</property>
<property name="lastModificationDate">2016-05-16 00:54:01.000</property>
</object>
<object class="SpacePermission" package="com.atlassian.confluence.security">
<id name="id">852047</id>
<property name="space" class="Space" package="com.atlassian.confluence.spaces"><id name="id">1114114</id>
</property>
<property name="type"><![CDATA[REMOVEPAGE]]></property>
<property name="group"/><property name="userSubject" class="ConfluenceUserImpl" package="com.atlassian.confluence.user"><id name="key">2c9f809154b685fd0154b68777c20002</id>
</property>
<property name="allUsersSubject"/><property name="creator" class="ConfluenceUserImpl" package="com.atlassian.confluence.user"><id name="key">2c9f809154b685fd0154b68777c20002</id>
</property>
<property name="creationDate">2016-05-16 00:54:01.000</property>
<property name="lastModifier" class="ConfluenceUserImpl" package="com.atlassian.confluence.user"><id name="key">2c9f809154b685fd0154b68777c20002</id>
</property>
<property name="lastModificationDate">2016-05-16 00:54:01.000</property>
</object>
<object class="SpacePermission" package="com.atlassian.confluence.security">
<id name="id">852046</id>
<property name="space" class="Space" package="com.atlassian.confluence.spaces"><id name="id">1114114</id>
</property>
<property name="type"><![CDATA[SETSPACEPERMISSIONS]]></property>
<property name="group"/><property name="userSubject" class="ConfluenceUserImpl" package="com.atlassian.confluence.user"><id name="key">2c9f809154b685fd0154b68777c20002</id>
</property>
<property name="allUsersSubject"/><property name="creator" class="ConfluenceUserImpl" package="com.atlassian.confluence.user"><id name="key">2c9f809154b685fd0154b68777c20002</id>
</property>
<property name="creationDate">2016-05-16 00:54:01.000</property>
<property name="lastModifier" class="ConfluenceUserImpl" package="com.atlassian.confluence.user"><id name="key">2c9f809154b685fd0154b68777c20002</id>
</property>
<property name="lastModificationDate">2016-05-16 00:54:01.000</property>
</object>
<object class="SpacePermission" package="com.atlassian.confluence.security">
<id name="id">852049</id>
<property name="space" class="Space" package="com.atlassian.confluence.spaces"><id name="id">1114114</id>
</property>
<property name="type"><![CDATA[REMOVEBLOG]]></property>
<property name="group"/><property name="userSubject" class="ConfluenceUserImpl" package="com.atlassian.confluence.user"><id name="key">2c9f809154b685fd0154b68777c20002</id>
</property>
<property name="allUsersSubject"/><property name="creator" class="ConfluenceUserImpl" package="com.atlassian.confluence.user"><id name="key">2c9f809154b685fd0154b68777c20002</id>
</property>
<property name="creationDate">2016-05-16 00:54:01.000</property>
<property name="lastModifier" class="ConfluenceUserImpl" package="com.atlassian.confluence.user"><id name="key">2c9f809154b685fd0154b68777c20002</id>
</property>
<property name="lastModificationDate">2016-05-16 00:54:01.000</property>
</object>
<object class="SpacePermission" package="com.atlassian.confluence.security">
<id name="id">852048</id>
<property name="space" class="Space" package="com.atlassian.confluence.spaces"><id name="id">1114114</id>
</property>
<property name="type"><![CDATA[REMOVECOMMENT]]></property>
<property name="group"/><property name="userSubject" class="ConfluenceUserImpl" package="com.atlassian.confluence.user"><id name="key">2c9f809154b685fd0154b68777c20002</id>
</property>
<property name="allUsersSubject"/><property name="creator" class="ConfluenceUserImpl" package="com.atlassian.confluence.user"><id name="key">2c9f809154b685fd0154b68777c20002</id>
</property>
<property name="creationDate">2016-05-16 00:54:01.000</property>
<property name="lastModifier" class="ConfluenceUserImpl" package="com.atlassian.confluence.user"><id name="key">2c9f809154b685fd0154b68777c20002</id>
</property>
<property name="lastModificationDate">2016-05-16 00:54:01.000</property>
</object>
<object class="SpacePermission" package="com.atlassian.confluence.security">
<id name="id">852043</id>
<property name="space" class="Space" package="com.atlassian.confluence.spaces"><id name="id">1114114</id>
</property>
<property name="type"><![CDATA[VIEWSPACE]]></property>
<property name="group"/><property name="userSubject" class="ConfluenceUserImpl" package="com.atlassian.confluence.user"><id name="key">2c9f809154b685fd0154b68777c20002</id>
</property>
<property name="allUsersSubject"/><property name="creator" class="ConfluenceUserImpl" package="com.atlassian.confluence.user"><id name="key">2c9f809154b685fd0154b68777c20002</id>
</property>
<property name="creationDate">2016-05-16 00:54:01.000</property>
<property name="lastModifier" class="ConfluenceUserImpl" package="com.atlassian.confluence.user"><id name="key">2c9f809154b685fd0154b68777c20002</id>
</property>
<property name="lastModificationDate">2016-05-16 00:54:01.000</property>
</object>
<object class="SpacePermission" package="com.atlassian.confluence.security">
<id name="id">852045</id>
<property name="space" class="Space" package="com.atlassian.confluence.spaces"><id name="id">1114114</id>
</property>
<property name="type"><![CDATA[EDITSPACE]]></property>
<property name="group"/><property name="userSubject" class="ConfluenceUserImpl" package="com.atlassian.confluence.user"><id name="key">2c9f809154b685fd0154b68777c20002</id>
</property>
<property name="allUsersSubject"/><property name="creator" class="ConfluenceUserImpl" package="com.atlassian.confluence.user"><id name="key">2c9f809154b685fd0154b68777c20002</id>
</property>
<property name="creationDate">2016-05-16 00:54:01.000</property>
<property name="lastModifier" class="ConfluenceUserImpl" package="com.atlassian.confluence.user"><id name="key">2c9f809154b685fd0154b68777c20002</id>
</property>
<property name="lastModificationDate">2016-05-16 00:54:01.000</property>
</object>
<object class="SpacePermission" package="com.atlassian.confluence.security">
<id name="id">852044</id>
<property name="space" class="Space" package="com.atlassian.confluence.spaces"><id name="id">1114114</id>
</property>
<property name="type"><![CDATA[COMMENT]]></property>
<property name="group"/><property name="userSubject" class="ConfluenceUserImpl" package="com.atlassian.confluence.user"><id name="key">2c9f809154b685fd0154b68777c20002</id>
</property>
<property name="allUsersSubject"/><property name="creator" class="ConfluenceUserImpl" package="com.atlassian.confluence.user"><id name="key">2c9f809154b685fd0154b68777c20002</id>
</property>
<property name="creationDate">2016-05-16 00:54:01.000</property>
<property name="lastModifier" class="ConfluenceUserImpl" package="com.atlassian.confluence.user"><id name="key">2c9f809154b685fd0154b68777c20002</id>
</property>
<property name="lastModificationDate">2016-05-16 00:54:01.000</property>
</object>
<object class="SpacePermission" package="com.atlassian.confluence.security">
<id name="id">852063</id>
<property name="space" class="Space" package="com.atlassian.confluence.spaces"><id name="id">1114114</id>
</property>
<property name="type"><![CDATA[EDITBLOG]]></property>
<property name="group"><![CDATA[confluence-users]]></property>
<property name="allUsersSubject"/><property name="creator" class="ConfluenceUserImpl" package="com.atlassian.confluence.user"><id name="key">2c9f809154b685fd0154b68777c20002</id>
</property>
<property name="creationDate">2016-05-16 00:54:01.000</property>
<property name="lastModifier" class="ConfluenceUserImpl" package="com.atlassian.confluence.user"><id name="key">2c9f809154b685fd0154b68777c20002</id>
</property>
<property name="lastModificationDate">2016-05-16 00:54:01.000</property>
</object>
<object class="SpacePermission" package="com.atlassian.confluence.security">
<id name="id">852062</id>
<property name="space" class="Space" package="com.atlassian.confluence.spaces"><id name="id">1114114</id>
</property>
<property name="type"><![CDATA[EXPORTSPACE]]></property>
<property name="group"><![CDATA[confluence-users]]></property>
<property name="allUsersSubject"/><property name="creator" class="ConfluenceUserImpl" package="com.atlassian.confluence.user"><id name="key">2c9f809154b685fd0154b68777c20002</id>
</property>
<property name="creationDate">2016-05-16 00:54:01.000</property>
<property name="lastModifier" class="ConfluenceUserImpl" package="com.atlassian.confluence.user"><id name="key">2c9f809154b685fd0154b68777c20002</id>
</property>
<property name="lastModificationDate">2016-05-16 00:54:01.000</property>
</object>
<object class="ContentProperty" package="com.atlassian.confluence.content">
<id name="id">1015861</id>
<property name="name"><![CDATA[macro-create-events-published-for-version]]></property>
<property name="stringValue"/><property name="longValue">0</property>
<property name="dateValue"/></object>
<object class="SpacePermission" package="com.atlassian.confluence.security">
<id name="id">852059</id>
<property name="space" class="Space" package="com.atlassian.confluence.spaces"><id name="id">1114114</id>
</property>
<property name="type"><![CDATA[CREATEATTACHMENT]]></property>
<property name="group"><![CDATA[confluence-users]]></property>
<property name="allUsersSubject"/><property name="creator" class="ConfluenceUserImpl" package="com.atlassian.confluence.user"><id name="key">2c9f809154b685fd0154b68777c20002</id>
</property>
<property name="creationDate">2016-05-16 00:54:01.000</property>
<property name="lastModifier" class="ConfluenceUserImpl" package="com.atlassian.confluence.user"><id name="key">2c9f809154b685fd0154b68777c20002</id>
</property>
<property name="lastModificationDate">2016-05-16 00:54:01.000</property>
</object>
<object class="ContentProperty" package="com.atlassian.confluence.content">
<id name="id">1015858</id>
<property name="name"><![CDATA[macro-count.contributors]]></property>
<property name="stringValue"><![CDATA[1-1]]></property>
<property name="longValue"/><property name="dateValue"/></object>
<object class="SpacePermission" package="com.atlassian.confluence.security">
<id name="id">852058</id>
<property name="space" class="Space" package="com.atlassian.confluence.spaces"><id name="id">1114114</id>
</property>
<property name="type"><![CDATA[EXPORTPAGE]]></property>
<property name="group"><![CDATA[confluence-users]]></property>
<property name="allUsersSubject"/><property name="creator" class="ConfluenceUserImpl" package="com.atlassian.confluence.user"><id name="key">2c9f809154b685fd0154b68777c20002</id>
</property>
<property name="creationDate">2016-05-16 00:54:01.000</property>
<property name="lastModifier" class="ConfluenceUserImpl" package="com.atlassian.confluence.user"><id name="key">2c9f809154b685fd0154b68777c20002</id>
</property>
<property name="lastModificationDate">2016-05-16 00:54:01.000</property>
</object>
<object class="ContentProperty" package="com.atlassian.confluence.content">
<id name="id">1015859</id>
<property name="name"><![CDATA[macro-create-events-published-for-version]]></property>
<property name="stringValue"/><property name="longValue">1</property>
<property name="dateValue"/></object>
<object class="SpacePermission" package="com.atlassian.confluence.security">
<id name="id">852061</id>
<property name="space" class="Space" package="com.atlassian.confluence.spaces"><id name="id">1114114</id>
</property>
<property name="type"><![CDATA[VIEWSPACE]]></property>
<property name="group"><![CDATA[confluence-users]]></property>
<property name="allUsersSubject"/><property name="creator" class="ConfluenceUserImpl" package="com.atlassian.confluence.user"><id name="key">2c9f809154b685fd0154b68777c20002</id>
</property>
<property name="creationDate">2016-05-16 00:54:01.000</property>
<property name="lastModifier" class="ConfluenceUserImpl" package="com.atlassian.confluence.user"><id name="key">2c9f809154b685fd0154b68777c20002</id>
</property>
<property name="lastModificationDate">2016-05-16 00:54:01.000</property>
</object>
<object class="ContentProperty" package="com.atlassian.confluence.content">
<id name="id">1015856</id>
<property name="name"><![CDATA[macro-count.recently-updated]]></property>
<property name="stringValue"><![CDATA[1-1]]></property>
<property name="longValue"/><property name="dateValue"/></object>
<object class="SpacePermission" package="com.atlassian.confluence.security">
<id name="id">852060</id>
<property name="space" class="Space" package="com.atlassian.confluence.spaces"><id name="id">1114114</id>
</property>
<property name="type"><![CDATA[EDITSPACE]]></property>
<property name="group"><![CDATA[confluence-users]]></property>
<property name="allUsersSubject"/><property name="creator" class="ConfluenceUserImpl" package="com.atlassian.confluence.user"><id name="key">2c9f809154b685fd0154b68777c20002</id>
</property>
<property name="creationDate">2016-05-16 00:54:01.000</property>
<property name="lastModifier" class="ConfluenceUserImpl" package="com.atlassian.confluence.user"><id name="key">2c9f809154b685fd0154b68777c20002</id>
</property>
<property name="lastModificationDate">2016-05-16 00:54:01.000</property>
</object>
<object class="ContentProperty" package="com.atlassian.confluence.content">
<id name="id">1015857</id>
<property name="name"><![CDATA[macro-count.tip]]></property>
<property name="stringValue"><![CDATA[1-1]]></property>
<property name="longValue"/><property name="dateValue"/></object>
<object class="BodyContent" package="com.atlassian.confluence.core">
<id name="id">1048592</id>
<property name="body"><![CDATA[]]></property>
<property name="content" class="SpaceDescription" package="com.atlassian.confluence.spaces"><id name="id">983061</id>
</property>
<property name="bodyType">0</property>
</object>
</hibernate-generic>