<?xml version="1.0" encoding="UTF-8"?>
<hibernate-generic datetime="2016-05-16 10:43:21">
<object class="Space" package="com.atlassian.confluence.spaces">
<id name="id">1114113</id>
<property name="name"><![CDATA[Bluemix]]></property>
<property name="key"><![CDATA[BLUEM]]></property>
<property name="description" class="SpaceDescription" package="com.atlassian.confluence.spaces"><id name="id">983048</id>
</property>
<property name="homePage" class="Page" package="com.atlassian.confluence.pages"><id name="id">983049</id>
</property>
<collection name="permissions" class="java.util.Collection"><element class="SpacePermission" package="com.atlassian.confluence.security"><id name="id">852022</id>
</element>
<element class="SpacePermission" package="com.atlassian.confluence.security"><id name="id">852023</id>
</element>
<element class="SpacePermission" package="com.atlassian.confluence.security"><id name="id">852024</id>
</element>
<element class="SpacePermission" package="com.atlassian.confluence.security"><id name="id">852025</id>
</element>
<element class="SpacePermission" package="com.atlassian.confluence.security"><id name="id">852026</id>
</element>
<element class="SpacePermission" package="com.atlassian.confluence.security"><id name="id">852027</id>
</element>
<element class="SpacePermission" package="com.atlassian.confluence.security"><id name="id">852028</id>
</element>
<element class="SpacePermission" package="com.atlassian.confluence.security"><id name="id">852029</id>
</element>
<element class="SpacePermission" package="com.atlassian.confluence.security"><id name="id">852030</id>
</element>
<element class="SpacePermission" package="com.atlassian.confluence.security"><id name="id">852031</id>
</element>
<element class="SpacePermission" package="com.atlassian.confluence.security"><id name="id">852032</id>
</element>
<element class="SpacePermission" package="com.atlassian.confluence.security"><id name="id">852033</id>
</element>
<element class="SpacePermission" package="com.atlassian.confluence.security"><id name="id">852034</id>
</element>
<element class="SpacePermission" package="com.atlassian.confluence.security"><id name="id">852035</id>
</element>
<element class="SpacePermission" package="com.atlassian.confluence.security"><id name="id">852036</id>
</element>
<element class="SpacePermission" package="com.atlassian.confluence.security"><id name="id">852037</id>
</element>
<element class="SpacePermission" package="com.atlassian.confluence.security"><id name="id">852038</id>
</element>
<element class="SpacePermission" package="com.atlassian.confluence.security"><id name="id">852039</id>
</element>
<element class="SpacePermission" package="com.atlassian.confluence.security"><id name="id">852040</id>
</element>
<element class="SpacePermission" package="com.atlassian.confluence.security"><id name="id">852041</id>
</element>
<element class="SpacePermission" package="com.atlassian.confluence.security"><id name="id">852042</id>
</element>
</collection>
<property name="creator" class="ConfluenceUserImpl" package="com.atlassian.confluence.user"><id name="key">2c9f809154b685fd0154b68777c20002</id>
</property>
<property name="creationDate">2016-05-15 22:31:06.000</property>
<property name="lastModifier" class="ConfluenceUserImpl" package="com.atlassian.confluence.user"><id name="key">2c9f809154b685fd0154b68777c20002</id>
</property>
<property name="lastModificationDate">2016-05-15 22:31:06.000</property>
<property name="spaceType">global</property>
<property name="spaceStatus" enum-class="SpaceStatus" package="com.atlassian.confluence.spaces">CURRENT</property>
</object>
<object class="Notification" package="com.atlassian.confluence.mail.notification">
<id name="id">1081346</id>
<property name="content" class="Page" package="com.atlassian.confluence.pages"><id name="id">983049</id>
</property>
<property name="receiver" class="ConfluenceUserImpl" package="com.atlassian.confluence.user"><id name="key">2c9f809154b685fd0154b68777c20002</id>
</property>
<property name="creator" class="ConfluenceUserImpl" package="com.atlassian.confluence.user"><id name="key">2c9f809154b685fd0154b68777c20002</id>
</property>
<property name="creationDate">2016-05-15 22:31:06.000</property>
<property name="lastModifier" class="ConfluenceUserImpl" package="com.atlassian.confluence.user"><id name="key">2c9f809154b685fd0154b68777c20002</id>
</property>
<property name="lastModificationDate">2016-05-15 22:31:06.000</property>
<property name="digest">false</property>
<property name="network">false</property>
<property name="type" enum-class="ContentTypeEnum" package="com.atlassian.confluence.search.service">page</property>
</object>
<object class="Notification" package="com.atlassian.confluence.mail.notification">
<id name="id">1081347</id>
<property name="content" class="Page" package="com.atlassian.confluence.pages"><id name="id">983053</id>
</property>
<property name="receiver" class="ConfluenceUserImpl" package="com.atlassian.confluence.user"><id name="key">2c9f809154b685fd0154b68777c20002</id>
</property>
<property name="creator" class="ConfluenceUserImpl" package="com.atlassian.confluence.user"><id name="key">2c9f809154b685fd0154b68777c20002</id>
</property>
<property name="creationDate">2016-05-15 22:40:04.000</property>
<property name="lastModifier" class="ConfluenceUserImpl" package="com.atlassian.confluence.user"><id name="key">2c9f809154b685fd0154b68777c20002</id>
</property>
<property name="lastModificationDate">2016-05-15 22:40:04.000</property>
<property name="digest">false</property>
<property name="network">false</property>
<property name="type" enum-class="ContentTypeEnum" package="com.atlassian.confluence.search.service">page</property>
</object>
<object class="Page" package="com.atlassian.confluence.pages">
<id name="id">983049</id>
<property name="position"/><collection name="children" class="java.util.Collection"><element class="Page" package="com.atlassian.confluence.pages"><id name="id">983053</id>
</element>
</collection>
<property name="space" class="Space" package="com.atlassian.confluence.spaces"><id name="id">1114113</id>
</property>
<property name="hibernateVersion">3</property>
<property name="title"><![CDATA[Bluemix Home]]></property>
<collection name="bodyContents" class="java.util.Collection"><element class="BodyContent" package="com.atlassian.confluence.core"><id name="id">1048580</id>
</element>
</collection>
<collection name="contentProperties" class="java.util.Collection"><element class="ContentProperty" package="com.atlassian.confluence.content"><id name="id">1015826</id>
</element>
<element class="ContentProperty" package="com.atlassian.confluence.content"><id name="id">1015827</id>
</element>
<element class="ContentProperty" package="com.atlassian.confluence.content"><id name="id">1015828</id>
</element>
<element class="ContentProperty" package="com.atlassian.confluence.content"><id name="id">1015829</id>
</element>
</collection>
<property name="version">3</property>
<property name="creator" class="ConfluenceUserImpl" package="com.atlassian.confluence.user"><id name="key">2c9f809154b685fd0154b68777c20002</id>
</property>
<property name="creationDate">2016-05-15 22:31:06.000</property>
<property name="lastModifier" class="ConfluenceUserImpl" package="com.atlassian.confluence.user"><id name="key">2c9f809154b685fd0154b68777c20002</id>
</property>
<property name="lastModificationDate">2016-05-15 22:31:45.764</property>
<property name="versionComment"><![CDATA[Task marked incomplete]]></property>
<property name="originalVersionId"/><collection name="historicalVersions" class="java.util.Collection"><element class="Page" package="com.atlassian.confluence.pages"><id name="id">983050</id>
</element>
<element class="Page" package="com.atlassian.confluence.pages"><id name="id">983051</id>
</element>
</collection>
<property name="contentStatus"><![CDATA[current]]></property>
</object>
<object class="Page" package="com.atlassian.confluence.pages">
<id name="id">983053</id>
<property name="position"/><property name="parent" class="Page" package="com.atlassian.confluence.pages"><id name="id">983049</id>
</property>
<collection name="ancestors" class="java.util.List"><element class="Page" package="com.atlassian.confluence.pages"><id name="id">983049</id>
</element>
</collection>
<property name="space" class="Space" package="com.atlassian.confluence.spaces"><id name="id">1114113</id>
</property>
<property name="hibernateVersion">10</property>
<property name="title"><![CDATA[Setting up Confluence]]></property>
<collection name="bodyContents" class="java.util.Collection"><element class="BodyContent" package="com.atlassian.confluence.core"><id name="id">1048584</id>
</element>
</collection>
<collection name="outgoingLinks" class="java.util.Collection"><element class="OutgoingLink" package="com.atlassian.confluence.links"><id name="id">1146884</id>
</element>
</collection>
<collection name="contentProperties" class="java.util.Collection"><element class="ContentProperty" package="com.atlassian.confluence.content"><id name="id">1015854</id>
</element>
<element class="ContentProperty" package="com.atlassian.confluence.content"><id name="id">1015855</id>
</element>
</collection>
<property name="version">5</property>
<property name="creator" class="ConfluenceUserImpl" package="com.atlassian.confluence.user"><id name="key">2c9f809154b685fd0154b68777c20002</id>
</property>
<property name="creationDate">2016-05-15 22:40:04.000</property>
<property name="lastModifier" class="ConfluenceUserImpl" package="com.atlassian.confluence.user"><id name="key">2c9f809154b685fd0154b68777c20002</id>
</property>
<property name="lastModificationDate">2016-05-16 00:19:36.000</property>
<property name="versionComment"><![CDATA[]]></property>
<property name="originalVersionId"/><collection name="historicalVersions" class="java.util.Collection"><element class="Page" package="com.atlassian.confluence.pages"><id name="id">983055</id>
</element>
<element class="Page" package="com.atlassian.confluence.pages"><id name="id">983057</id>
</element>
<element class="Page" package="com.atlassian.confluence.pages"><id name="id">983059</id>
</element>
<element class="Page" package="com.atlassian.confluence.pages"><id name="id">983060</id>
</element>
</collection>
<property name="contentStatus"><![CDATA[current]]></property>
</object>
<object class="SpacePermission" package="com.atlassian.confluence.security">
<id name="id">852023</id>
<property name="space" class="Space" package="com.atlassian.confluence.spaces"><id name="id">1114113</id>
</property>
<property name="type"><![CDATA[COMMENT]]></property>
<property name="group"/><property name="userSubject" class="ConfluenceUserImpl" package="com.atlassian.confluence.user"><id name="key">2c9f809154b685fd0154b68777c20002</id>
</property>
<property name="allUsersSubject"/><property name="creator" class="ConfluenceUserImpl" package="com.atlassian.confluence.user"><id name="key">2c9f809154b685fd0154b68777c20002</id>
</property>
<property name="creationDate">2016-05-15 22:31:06.000</property>
<property name="lastModifier" class="ConfluenceUserImpl" package="com.atlassian.confluence.user"><id name="key">2c9f809154b685fd0154b68777c20002</id>
</property>
<property name="lastModificationDate">2016-05-15 22:31:06.000</property>
</object>
<object class="SpacePermission" package="com.atlassian.confluence.security">
<id name="id">852022</id>
<property name="space" class="Space" package="com.atlassian.confluence.spaces"><id name="id">1114113</id>
</property>
<property name="type"><![CDATA[VIEWSPACE]]></property>
<property name="group"/><property name="userSubject" class="ConfluenceUserImpl" package="com.atlassian.confluence.user"><id name="key">2c9f809154b685fd0154b68777c20002</id>
</property>
<property name="allUsersSubject"/><property name="creator" class="ConfluenceUserImpl" package="com.atlassian.confluence.user"><id name="key">2c9f809154b685fd0154b68777c20002</id>
</property>
<property name="creationDate">2016-05-15 22:31:06.000</property>
<property name="lastModifier" class="ConfluenceUserImpl" package="com.atlassian.confluence.user"><id name="key">2c9f809154b685fd0154b68777c20002</id>
</property>
<property name="lastModificationDate">2016-05-15 22:31:06.000</property>
</object>
<object class="SpacePermission" package="com.atlassian.confluence.security">
<id name="id">852025</id>
<property name="space" class="Space" package="com.atlassian.confluence.spaces"><id name="id">1114113</id>
</property>
<property name="type"><![CDATA[SETSPACEPERMISSIONS]]></property>
<property name="group"/><property name="userSubject" class="ConfluenceUserImpl" package="com.atlassian.confluence.user"><id name="key">2c9f809154b685fd0154b68777c20002</id>
</property>
<property name="allUsersSubject"/><property name="creator" class="ConfluenceUserImpl" package="com.atlassian.confluence.user"><id name="key">2c9f809154b685fd0154b68777c20002</id>
</property>
<property name="creationDate">2016-05-15 22:31:06.000</property>
<property name="lastModifier" class="ConfluenceUserImpl" package="com.atlassian.confluence.user"><id name="key">2c9f809154b685fd0154b68777c20002</id>
</property>
<property name="lastModificationDate">2016-05-15 22:31:06.000</property>
</object>
<object class="SpacePermission" package="com.atlassian.confluence.security">
<id name="id">852024</id>
<property name="space" class="Space" package="com.atlassian.confluence.spaces"><id name="id">1114113</id>
</property>
<property name="type"><![CDATA[EDITSPACE]]></property>
<property name="group"/><property name="userSubject" class="ConfluenceUserImpl" package="com.atlassian.confluence.user"><id name="key">2c9f809154b685fd0154b68777c20002</id>
</property>
<property name="allUsersSubject"/><property name="creator" class="ConfluenceUserImpl" package="com.atlassian.confluence.user"><id name="key">2c9f809154b685fd0154b68777c20002</id>
</property>
<property name="creationDate">2016-05-15 22:31:06.000</property>
<property name="lastModifier" class="ConfluenceUserImpl" package="com.atlassian.confluence.user"><id name="key">2c9f809154b685fd0154b68777c20002</id>
</property>
<property name="lastModificationDate">2016-05-15 22:31:06.000</property>
</object>
<object class="ConfluenceUserImpl" package="com.atlassian.confluence.user">
<id name="key">2c9f809154b685fd0154b68777c20002</id>
<property name="name"><![CDATA[bancha]]></property>
<property name="lowerName"><![CDATA[bancha]]></property>
</object>
<object class="SpacePermission" package="com.atlassian.confluence.security">
<id name="id">852039</id>
<property name="space" class="Space" package="com.atlassian.confluence.spaces"><id name="id">1114113</id>
</property>
<property name="type"><![CDATA[EDITBLOG]]></property>
<property name="group"><![CDATA[confluence-users]]></property>
<property name="allUsersSubject"/><property name="creator" class="ConfluenceUserImpl" package="com.atlassian.confluence.user"><id name="key">2c9f809154b685fd0154b68777c20002</id>
</property>
<property name="creationDate">2016-05-15 22:31:06.000</property>
<property name="lastModifier" class="ConfluenceUserImpl" package="com.atlassian.confluence.user"><id name="key">2c9f809154b685fd0154b68777c20002</id>
</property>
<property name="lastModificationDate">2016-05-15 22:31:06.000</property>
</object>
<object class="SpacePermission" package="com.atlassian.confluence.security">
<id name="id">852038</id>
<property name="space" class="Space" package="com.atlassian.confluence.spaces"><id name="id">1114113</id>
</property>
<property name="type"><![CDATA[VIEWSPACE]]></property>
<property name="group"><![CDATA[confluence-users]]></property>
<property name="allUsersSubject"/><property name="creator" class="ConfluenceUserImpl" package="com.atlassian.confluence.user"><id name="key">2c9f809154b685fd0154b68777c20002</id>
</property>
<property name="creationDate">2016-05-15 22:31:06.000</property>
<property name="lastModifier" class="ConfluenceUserImpl" package="com.atlassian.confluence.user"><id name="key">2c9f809154b685fd0154b68777c20002</id>
</property>
<property name="lastModificationDate">2016-05-15 22:31:06.000</property>
</object>
<object class="SpacePermission" package="com.atlassian.confluence.security">
<id name="id">852041</id>
<property name="space" class="Space" package="com.atlassian.confluence.spaces"><id name="id">1114113</id>
</property>
<property name="type"><![CDATA[EDITSPACE]]></property>
<property name="group"><![CDATA[confluence-users]]></property>
<property name="allUsersSubject"/><property name="creator" class="ConfluenceUserImpl" package="com.atlassian.confluence.user"><id name="key">2c9f809154b685fd0154b68777c20002</id>
</property>
<property name="creationDate">2016-05-15 22:31:06.000</property>
<property name="lastModifier" class="ConfluenceUserImpl" package="com.atlassian.confluence.user"><id name="key">2c9f809154b685fd0154b68777c20002</id>
</property>
<property name="lastModificationDate">2016-05-15 22:31:06.000</property>
</object>
<object class="BodyContent" package="com.atlassian.confluence.core">
<id name="id">1048584</id>
<property name="body"><![CDATA[<ol><li>From Bluemix dashboard, create Container (use the ibmnode:latest)</li><li><p>Get container id. Open Docker tool and run</p><ac:structured-macro ac:macro-id="d1c88e15-550f-4340-b02a-983dff715b2e" ac:name="code" ac:schema-version="1"><ac:parameter ac:name="language">bash</ac:parameter><ac:plain-text-body><![CDATA[cf ic ps]] ></ac:plain-text-body></ac:structured-macro></li><li><p>Login to the container</p><ac:structured-macro ac:macro-id="a597aa28-9c22-41f4-bcaf-4b65c3ee9a0c" ac:name="code" ac:schema-version="1"><ac:parameter ac:name="language">bash</ac:parameter><ac:plain-text-body><![CDATA[ cf ic exec -it 6856a008-993 bash]] ></ac:plain-text-body></ac:structured-macro><p>where 6856a008-993 is the sample value that you get from previous step</p></li><li><p>Create new folder in the Container and get the Confluence installation file and Mysql driver</p><ac:structured-macro ac:macro-id="49969968-de30-46af-bc99-0019991f383b" ac:name="code" ac:schema-version="1"><ac:parameter ac:name="language">bash</ac:parameter><ac:plain-text-body><![CDATA[mkdir tools
cd tools
apt-get install wget
chmod a+x atlassian-confluence-5.9.10-x64.bin
apt-get update
apt-get install mysql-server
wget http://dev.mysql.com/get/Downloads/Connector-J/mysql-connector-java-5.1.39.tar.gz
tar -zxvf mysql-connector-java-5.1.39.tar.gz]] ></ac:plain-text-body></ac:structured-macro></li><li><p>Start MySQL service and login to the MySQL</p><ac:structured-macro ac:macro-id="ab7008b4-9430-4f0e-bffa-ef82b02fb056" ac:name="code" ac:schema-version="1"><ac:parameter ac:name="language">bash</ac:parameter><ac:plain-text-body><![CDATA[service mysql start
mysql -u root -p]] ></ac:plain-text-body></ac:structured-macro></li><li><p>Create the database table and grant privilege for the root</p><ac:structured-macro ac:macro-id="4c0b3c29-7a5b-4246-9452-1ac671382bcc" ac:name="code" ac:schema-version="1"><ac:parameter ac:name="language">bash</ac:parameter><ac:plain-text-body><![CDATA[CREATE DATABASE confluence CHARACTER SET utf8 COLLATE utf8_bin;

GRANT ALL PRIVILEGES ON confluence.* TO 'root'@'localhost' IDENTIFIED BY 'time2fly';]] ></ac:plain-text-body></ac:structured-macro></li><li><p>Install Confluence<br /><br /></p><ac:structured-macro ac:macro-id="6ac1e9ca-747b-4b7c-805c-6d5a355a8c0d" ac:name="code" ac:schema-version="1"><ac:parameter ac:name="language">bash</ac:parameter><ac:plain-text-body><![CDATA[cd /tools
./atlassian-confluence-5.9.10-x64.bin]] ></ac:plain-text-body></ac:structured-macro></li><li><p>Copy the MySQL driver to Confluence library path<br /><br /></p><ac:structured-macro ac:macro-id="8c3a83dc-75c4-4448-a604-3cba01dbd290" ac:name="code" ac:schema-version="1"><ac:parameter ac:name="language">bash</ac:parameter><ac:plain-text-body><![CDATA[cp mysql-connector-java-5.1.39-bin.jar /opt/atlassian/confluence/lib]] ></ac:plain-text-body></ac:structured-macro></li><li><p>Restart Confluence<br /><br /></p><ac:structured-macro ac:macro-id="e31a15b9-fe1b-42d1-a9da-7d7bb01b4a4a" ac:name="code" ac:schema-version="1"><ac:parameter ac:name="language">bash</ac:parameter><ac:plain-text-body><![CDATA[cd /opt/atlassian/confluence/bin
./shutdown.sh
./startup.sh]] ></ac:plain-text-body></ac:structured-macro></li><li>Run Setup from <a href="http://169.44.5.77:8090">http://169.44.5.77:8090</a></li></ol>]]></property>
<property name="content" class="Page" package="com.atlassian.confluence.pages"><id name="id">983053</id>
</property>
<property name="bodyType">2</property>
</object>
<object class="SpacePermission" package="com.atlassian.confluence.security">
<id name="id">852040</id>
<property name="space" class="Space" package="com.atlassian.confluence.spaces"><id name="id">1114113</id>
</property>
<property name="type"><![CDATA[COMMENT]]></property>
<property name="group"><![CDATA[confluence-users]]></property>
<property name="allUsersSubject"/><property name="creator" class="ConfluenceUserImpl" package="com.atlassian.confluence.user"><id name="key">2c9f809154b685fd0154b68777c20002</id>
</property>
<property name="creationDate">2016-05-15 22:31:06.000</property>
<property name="lastModifier" class="ConfluenceUserImpl" package="com.atlassian.confluence.user"><id name="key">2c9f809154b685fd0154b68777c20002</id>
</property>
<property name="lastModificationDate">2016-05-15 22:31:06.000</property>
</object>
<object class="SpacePermission" package="com.atlassian.confluence.security">
<id name="id">852035</id>
<property name="space" class="Space" package="com.atlassian.confluence.spaces"><id name="id">1114113</id>
</property>
<property name="type"><![CDATA[SETPAGEPERMISSIONS]]></property>
<property name="group"/><property name="userSubject" class="ConfluenceUserImpl" package="com.atlassian.confluence.user"><id name="key">2c9f809154b685fd0154b68777c20002</id>
</property>
<property name="allUsersSubject"/><property name="creator" class="ConfluenceUserImpl" package="com.atlassian.confluence.user"><id name="key">2c9f809154b685fd0154b68777c20002</id>
</property>
<property name="creationDate">2016-05-15 22:31:06.000</property>
<property name="lastModifier" class="ConfluenceUserImpl" package="com.atlassian.confluence.user"><id name="key">2c9f809154b685fd0154b68777c20002</id>
</property>
<property name="lastModificationDate">2016-05-15 22:31:06.000</property>
</object>
<object class="OutgoingLink" package="com.atlassian.confluence.links">
<id name="id">1146884</id>
<property name="destinationPageTitle"><![CDATA[//169.44.5.77:8090]]></property>
<property name="destinationSpaceKey"><![CDATA[http]]></property>
<property name="sourceContent" class="Page" package="com.atlassian.confluence.pages"><id name="id">983053</id>
</property>
<property name="creator" class="ConfluenceUserImpl" package="com.atlassian.confluence.user"><id name="key">2c9f809154b685fd0154b68777c20002</id>
</property>
<property name="creationDate">2016-05-16 00:19:36.000</property>
<property name="lastModifier" class="ConfluenceUserImpl" package="com.atlassian.confluence.user"><id name="key">2c9f809154b685fd0154b68777c20002</id>
</property>
<property name="lastModificationDate">2016-05-16 00:19:36.000</property>
</object>
<object class="SpacePermission" package="com.atlassian.confluence.security">
<id name="id">852034</id>
<property name="space" class="Space" package="com.atlassian.confluence.spaces"><id name="id">1114113</id>
</property>
<property name="type"><![CDATA[REMOVEMAIL]]></property>
<property name="group"/><property name="userSubject" class="ConfluenceUserImpl" package="com.atlassian.confluence.user"><id name="key">2c9f809154b685fd0154b68777c20002</id>
</property>
<property name="allUsersSubject"/><property name="creator" class="ConfluenceUserImpl" package="com.atlassian.confluence.user"><id name="key">2c9f809154b685fd0154b68777c20002</id>
</property>
<property name="creationDate">2016-05-15 22:31:06.000</property>
<property name="lastModifier" class="ConfluenceUserImpl" package="com.atlassian.confluence.user"><id name="key">2c9f809154b685fd0154b68777c20002</id>
</property>
<property name="lastModificationDate">2016-05-15 22:31:06.000</property>
</object>
<object class="SpacePermission" package="com.atlassian.confluence.security">
<id name="id">852037</id>
<property name="space" class="Space" package="com.atlassian.confluence.spaces"><id name="id">1114113</id>
</property>
<property name="type"><![CDATA[EXPORTSPACE]]></property>
<property name="group"><![CDATA[confluence-users]]></property>
<property name="allUsersSubject"/><property name="creator" class="ConfluenceUserImpl" package="com.atlassian.confluence.user"><id name="key">2c9f809154b685fd0154b68777c20002</id>
</property>
<property name="creationDate">2016-05-15 22:31:06.000</property>
<property name="lastModifier" class="ConfluenceUserImpl" package="com.atlassian.confluence.user"><id name="key">2c9f809154b685fd0154b68777c20002</id>
</property>
<property name="lastModificationDate">2016-05-15 22:31:06.000</property>
</object>
<object class="BodyContent" package="com.atlassian.confluence.core">
<id name="id">1048580</id>
<property name="body"><![CDATA[
<ac:layout><ac:layout-section ac:type="single"><ac:layout-cell>
<ac:structured-macro ac:macro-id="8759c341-e4ff-4fe8-aa19-89cf593ae7e8" ac:name="tip" ac:schema-version="1"><ac:parameter ac:name="title">Welcome to your new space!</ac:parameter><ac:rich-text-body>
                    <p>Confluence spaces are great for sharing content and news with your team. This is your home page. Right now it shows recent space activity, but you can customize this page in anyway you like.</p>
                </ac:rich-text-body></ac:structured-macro><h2>Complete these tasks to get started</h2><ac:task-list>
<ac:task>
<ac:task-id>1</ac:task-id>
<ac:task-status>incomplete</ac:task-status>
<ac:task-body>
                        <strong>Edit this home page</strong> - Click <em>Edit</em> in the top right of this screen to customize your Space home page
                    </ac:task-body>
</ac:task>
<ac:task>
<ac:task-id>2</ac:task-id>
<ac:task-status>incomplete</ac:task-status>
<ac:task-body>
                        <strong>Create your first page</strong> - Click the <em>Create</em> button in the header to get started
                    </ac:task-body>
</ac:task>
<ac:task>
<ac:task-id>3</ac:task-id>
<ac:task-status>incomplete</ac:task-status>
<ac:task-body>
                        <strong>Brand your Space</strong> - Click <em>Configure Sidebar</em> in the left panel to update space details and logo
                    </ac:task-body>
</ac:task>
<ac:task>
<ac:task-id>4</ac:task-id>
<ac:task-status>incomplete</ac:task-status>
<ac:task-body>
                        <strong>Set permissions</strong> - Click <em>Space Tools</em> in the left sidebar to update permissions and give others access
                    </ac:task-body>
</ac:task>
</ac:task-list>

<p>&nbsp;</p></ac:layout-cell></ac:layout-section><ac:layout-section ac:type="two_equal"><ac:layout-cell>
<h2>Recent space activity</h2><p>
                    <ac:structured-macro ac:macro-id="7832d12e-9743-435a-8226-72bb6a1d42b6" ac:name="recently-updated" ac:schema-version="1"><ac:parameter ac:name="types">page, comment, blogpost</ac:parameter><ac:parameter ac:name="max">5</ac:parameter><ac:parameter ac:name="hideHeading">true</ac:parameter><ac:parameter ac:name="theme">social</ac:parameter></ac:structured-macro>
                </p></ac:layout-cell><ac:layout-cell>
<h2>Space contributors</h2><p>
                    <ac:structured-macro ac:macro-id="c028a9a6-d67f-4ba2-ae3b-e39b2d38965a" ac:name="contributors" ac:schema-version="1"><ac:parameter ac:name="mode">list</ac:parameter><ac:parameter ac:name="scope">descendants</ac:parameter><ac:parameter ac:name="limit">5</ac:parameter><ac:parameter ac:name="showLastTime">true</ac:parameter><ac:parameter ac:name="order">update</ac:parameter></ac:structured-macro>
                </p></ac:layout-cell></ac:layout-section><ac:layout-section ac:type="single"><ac:layout-cell>
<p>&nbsp;</p></ac:layout-cell></ac:layout-section></ac:layout>]]></property>
<property name="content" class="Page" package="com.atlassian.confluence.pages"><id name="id">983049</id>
</property>
<property name="bodyType">2</property>
</object>
<object class="SpacePermission" package="com.atlassian.confluence.security">
<id name="id">852036</id>
<property name="space" class="Space" package="com.atlassian.confluence.spaces"><id name="id">1114113</id>
</property>
<property name="type"><![CDATA[CREATEATTACHMENT]]></property>
<property name="group"><![CDATA[confluence-users]]></property>
<property name="allUsersSubject"/><property name="creator" class="ConfluenceUserImpl" package="com.atlassian.confluence.user"><id name="key">2c9f809154b685fd0154b68777c20002</id>
</property>
<property name="creationDate">2016-05-15 22:31:06.000</property>
<property name="lastModifier" class="ConfluenceUserImpl" package="com.atlassian.confluence.user"><id name="key">2c9f809154b685fd0154b68777c20002</id>
</property>
<property name="lastModificationDate">2016-05-15 22:31:06.000</property>
</object>
<object class="SpacePermission" package="com.atlassian.confluence.security">
<id name="id">852031</id>
<property name="space" class="Space" package="com.atlassian.confluence.spaces"><id name="id">1114113</id>
</property>
<property name="type"><![CDATA[EDITBLOG]]></property>
<property name="group"/><property name="userSubject" class="ConfluenceUserImpl" package="com.atlassian.confluence.user"><id name="key">2c9f809154b685fd0154b68777c20002</id>
</property>
<property name="allUsersSubject"/><property name="creator" class="ConfluenceUserImpl" package="com.atlassian.confluence.user"><id name="key">2c9f809154b685fd0154b68777c20002</id>
</property>
<property name="creationDate">2016-05-15 22:31:06.000</property>
<property name="lastModifier" class="ConfluenceUserImpl" package="com.atlassian.confluence.user"><id name="key">2c9f809154b685fd0154b68777c20002</id>
</property>
<property name="lastModificationDate">2016-05-15 22:31:06.000</property>
</object>
<object class="SpacePermission" package="com.atlassian.confluence.security">
<id name="id">852030</id>
<property name="space" class="Space" package="com.atlassian.confluence.spaces"><id name="id">1114113</id>
</property>
<property name="type"><![CDATA[REMOVEATTACHMENT]]></property>
<property name="group"/><property name="userSubject" class="ConfluenceUserImpl" package="com.atlassian.confluence.user"><id name="key">2c9f809154b685fd0154b68777c20002</id>
</property>
<property name="allUsersSubject"/><property name="creator" class="ConfluenceUserImpl" package="com.atlassian.confluence.user"><id name="key">2c9f809154b685fd0154b68777c20002</id>
</property>
<property name="creationDate">2016-05-15 22:31:06.000</property>
<property name="lastModifier" class="ConfluenceUserImpl" package="com.atlassian.confluence.user"><id name="key">2c9f809154b685fd0154b68777c20002</id>
</property>
<property name="lastModificationDate">2016-05-15 22:31:06.000</property>
</object>
<object class="SpacePermission" package="com.atlassian.confluence.security">
<id name="id">852033</id>
<property name="space" class="Space" package="com.atlassian.confluence.spaces"><id name="id">1114113</id>
</property>
<property name="type"><![CDATA[EXPORTSPACE]]></property>
<property name="group"/><property name="userSubject" class="ConfluenceUserImpl" package="com.atlassian.confluence.user"><id name="key">2c9f809154b685fd0154b68777c20002</id>
</property>
<property name="allUsersSubject"/><property name="creator" class="ConfluenceUserImpl" package="com.atlassian.confluence.user"><id name="key">2c9f809154b685fd0154b68777c20002</id>
</property>
<property name="creationDate">2016-05-15 22:31:06.000</property>
<property name="lastModifier" class="ConfluenceUserImpl" package="com.atlassian.confluence.user"><id name="key">2c9f809154b685fd0154b68777c20002</id>
</property>
<property name="lastModificationDate">2016-05-15 22:31:06.000</property>
</object>
<object class="ContentProperty" package="com.atlassian.confluence.content">
<id name="id">1015828</id>
<property name="name"><![CDATA[macro-count.contributors]]></property>
<property name="stringValue"><![CDATA[1-1]]></property>
<property name="longValue"/><property name="dateValue"/></object>
<object class="SpacePermission" package="com.atlassian.confluence.security">
<id name="id">852032</id>
<property name="space" class="Space" package="com.atlassian.confluence.spaces"><id name="id">1114113</id>
</property>
<property name="type"><![CDATA[EXPORTPAGE]]></property>
<property name="group"/><property name="userSubject" class="ConfluenceUserImpl" package="com.atlassian.confluence.user"><id name="key">2c9f809154b685fd0154b68777c20002</id>
</property>
<property name="allUsersSubject"/><property name="creator" class="ConfluenceUserImpl" package="com.atlassian.confluence.user"><id name="key">2c9f809154b685fd0154b68777c20002</id>
</property>
<property name="creationDate">2016-05-15 22:31:06.000</property>
<property name="lastModifier" class="ConfluenceUserImpl" package="com.atlassian.confluence.user"><id name="key">2c9f809154b685fd0154b68777c20002</id>
</property>
<property name="lastModificationDate">2016-05-15 22:31:06.000</property>
</object>
<object class="ContentProperty" package="com.atlassian.confluence.content">
<id name="id">1015829</id>
<property name="name"><![CDATA[macro-create-events-published-for-version]]></property>
<property name="stringValue"/><property name="longValue">1</property>
<property name="dateValue"/></object>
<object class="SpacePermission" package="com.atlassian.confluence.security">
<id name="id">852027</id>
<property name="space" class="Space" package="com.atlassian.confluence.spaces"><id name="id">1114113</id>
</property>
<property name="type"><![CDATA[REMOVECOMMENT]]></property>
<property name="group"/><property name="userSubject" class="ConfluenceUserImpl" package="com.atlassian.confluence.user"><id name="key">2c9f809154b685fd0154b68777c20002</id>
</property>
<property name="allUsersSubject"/><property name="creator" class="ConfluenceUserImpl" package="com.atlassian.confluence.user"><id name="key">2c9f809154b685fd0154b68777c20002</id>
</property>
<property name="creationDate">2016-05-15 22:31:06.000</property>
<property name="lastModifier" class="ConfluenceUserImpl" package="com.atlassian.confluence.user"><id name="key">2c9f809154b685fd0154b68777c20002</id>
</property>
<property name="lastModificationDate">2016-05-15 22:31:06.000</property>
</object>
<object class="ContentProperty" package="com.atlassian.confluence.content">
<id name="id">1015826</id>
<property name="name"><![CDATA[macro-count.recently-updated]]></property>
<property name="stringValue"><![CDATA[1-1]]></property>
<property name="longValue"/><property name="dateValue"/></object>
<object class="SpacePermission" package="com.atlassian.confluence.security">
<id name="id">852026</id>
<property name="space" class="Space" package="com.atlassian.confluence.spaces"><id name="id">1114113</id>
</property>
<property name="type"><![CDATA[REMOVEPAGE]]></property>
<property name="group"/><property name="userSubject" class="ConfluenceUserImpl" package="com.atlassian.confluence.user"><id name="key">2c9f809154b685fd0154b68777c20002</id>
</property>
<property name="allUsersSubject"/><property name="creator" class="ConfluenceUserImpl" package="com.atlassian.confluence.user"><id name="key">2c9f809154b685fd0154b68777c20002</id>
</property>
<property name="creationDate">2016-05-15 22:31:06.000</property>
<property name="lastModifier" class="ConfluenceUserImpl" package="com.atlassian.confluence.user"><id name="key">2c9f809154b685fd0154b68777c20002</id>
</property>
<property name="lastModificationDate">2016-05-15 22:31:06.000</property>
</object>
<object class="ContentProperty" package="com.atlassian.confluence.content">
<id name="id">1015827</id>
<property name="name"><![CDATA[macro-count.tip]]></property>
<property name="stringValue"><![CDATA[1-1]]></property>
<property name="longValue"/><property name="dateValue"/></object>
<object class="SpacePermission" package="com.atlassian.confluence.security">
<id name="id">852029</id>
<property name="space" class="Space" package="com.atlassian.confluence.spaces"><id name="id">1114113</id>
</property>
<property name="type"><![CDATA[CREATEATTACHMENT]]></property>
<property name="group"/><property name="userSubject" class="ConfluenceUserImpl" package="com.atlassian.confluence.user"><id name="key">2c9f809154b685fd0154b68777c20002</id>
</property>
<property name="allUsersSubject"/><property name="creator" class="ConfluenceUserImpl" package="com.atlassian.confluence.user"><id name="key">2c9f809154b685fd0154b68777c20002</id>
</property>
<property name="creationDate">2016-05-15 22:31:06.000</property>
<property name="lastModifier" class="ConfluenceUserImpl" package="com.atlassian.confluence.user"><id name="key">2c9f809154b685fd0154b68777c20002</id>
</property>
<property name="lastModificationDate">2016-05-15 22:31:06.000</property>
</object>
<object class="SpacePermission" package="com.atlassian.confluence.security">
<id name="id">852028</id>
<property name="space" class="Space" package="com.atlassian.confluence.spaces"><id name="id">1114113</id>
</property>
<property name="type"><![CDATA[REMOVEBLOG]]></property>
<property name="group"/><property name="userSubject" class="ConfluenceUserImpl" package="com.atlassian.confluence.user"><id name="key">2c9f809154b685fd0154b68777c20002</id>
</property>
<property name="allUsersSubject"/><property name="creator" class="ConfluenceUserImpl" package="com.atlassian.confluence.user"><id name="key">2c9f809154b685fd0154b68777c20002</id>
</property>
<property name="creationDate">2016-05-15 22:31:06.000</property>
<property name="lastModifier" class="ConfluenceUserImpl" package="com.atlassian.confluence.user"><id name="key">2c9f809154b685fd0154b68777c20002</id>
</property>
<property name="lastModificationDate">2016-05-15 22:31:06.000</property>
</object>
<object class="SpaceDescription" package="com.atlassian.confluence.spaces">
<id name="id">983048</id>
<property name="space" class="Space" package="com.atlassian.confluence.spaces"><id name="id">1114113</id>
</property>
<property name="hibernateVersion">1</property>
<property name="title"/><collection name="bodyContents" class="java.util.Collection"><element class="BodyContent" package="com.atlassian.confluence.core"><id name="id">1048579</id>
</element>
</collection>
<property name="version">1</property>
<property name="creator" class="ConfluenceUserImpl" package="com.atlassian.confluence.user"><id name="key">2c9f809154b685fd0154b68777c20002</id>
</property>
<property name="creationDate">2016-05-15 22:31:06.015</property>
<property name="lastModifier" class="ConfluenceUserImpl" package="com.atlassian.confluence.user"><id name="key">2c9f809154b685fd0154b68777c20002</id>
</property>
<property name="lastModificationDate">2016-05-15 22:31:06.015</property>
<property name="versionComment"><![CDATA[]]></property>
<property name="originalVersionId"/><property name="contentStatus"><![CDATA[current]]></property>
</object>
<object class="SpacePermission" package="com.atlassian.confluence.security">
<id name="id">852042</id>
<property name="space" class="Space" package="com.atlassian.confluence.spaces"><id name="id">1114113</id>
</property>
<property name="type"><![CDATA[EXPORTPAGE]]></property>
<property name="group"><![CDATA[confluence-users]]></property>
<property name="allUsersSubject"/><property name="creator" class="ConfluenceUserImpl" package="com.atlassian.confluence.user"><id name="key">2c9f809154b685fd0154b68777c20002</id>
</property>
<property name="creationDate">2016-05-15 22:31:06.000</property>
<property name="lastModifier" class="ConfluenceUserImpl" package="com.atlassian.confluence.user"><id name="key">2c9f809154b685fd0154b68777c20002</id>
</property>
<property name="lastModificationDate">2016-05-15 22:31:06.000</property>
</object>
<object class="ContentProperty" package="com.atlassian.confluence.content">
<id name="id">1015854</id>
<property name="name"><![CDATA[macro-count.code]]></property>
<property name="stringValue"><![CDATA[4-8]]></property>
<property name="longValue"/><property name="dateValue"/></object>
<object class="ContentProperty" package="com.atlassian.confluence.content">
<id name="id">1015855</id>
<property name="name"><![CDATA[macro-create-events-published-for-version]]></property>
<property name="stringValue"/><property name="longValue">4</property>
<property name="dateValue"/></object>
<object class="Page" package="com.atlassian.confluence.pages">
<id name="id">983059</id>
<property name="position"/><property name="hibernateVersion">6</property>
<property name="title"><![CDATA[Setting up Confluence]]></property>
<collection name="bodyContents" class="java.util.Collection"><element class="BodyContent" package="com.atlassian.confluence.core"><id name="id">1048590</id>
</element>
</collection>
<collection name="contentProperties" class="java.util.Collection"><element class="ContentProperty" package="com.atlassian.confluence.content"><id name="id">1015848</id>
</element>
<element class="ContentProperty" package="com.atlassian.confluence.content"><id name="id">1015849</id>
</element>
</collection>
<property name="version">3</property>
<property name="creator" class="ConfluenceUserImpl" package="com.atlassian.confluence.user"><id name="key">2c9f809154b685fd0154b68777c20002</id>
</property>
<property name="creationDate">2016-05-15 22:40:04.000</property>
<property name="lastModifier" class="ConfluenceUserImpl" package="com.atlassian.confluence.user"><id name="key">2c9f809154b685fd0154b68777c20002</id>
</property>
<property name="lastModificationDate">2016-05-16 00:13:56.000</property>
<property name="versionComment"><![CDATA[]]></property>
<property name="originalVersion" class="Page" package="com.atlassian.confluence.pages"><id name="id">983053</id>
</property>
<property name="originalVersionId">983053</property>
<property name="contentStatus"><![CDATA[current]]></property>
</object>
<object class="Page" package="com.atlassian.confluence.pages">
<id name="id">983060</id>
<property name="position"/><property name="hibernateVersion">8</property>
<property name="title"><![CDATA[Setting up Confluence]]></property>
<collection name="bodyContents" class="java.util.Collection"><element class="BodyContent" package="com.atlassian.confluence.core"><id name="id">1048591</id>
</element>
</collection>
<collection name="contentProperties" class="java.util.Collection"><element class="ContentProperty" package="com.atlassian.confluence.content"><id name="id">1015852</id>
</element>
<element class="ContentProperty" package="com.atlassian.confluence.content"><id name="id">1015853</id>
</element>
</collection>
<property name="version">4</property>
<property name="creator" class="ConfluenceUserImpl" package="com.atlassian.confluence.user"><id name="key">2c9f809154b685fd0154b68777c20002</id>
</property>
<property name="creationDate">2016-05-15 22:40:04.000</property>
<property name="lastModifier" class="ConfluenceUserImpl" package="com.atlassian.confluence.user"><id name="key">2c9f809154b685fd0154b68777c20002</id>
</property>
<property name="lastModificationDate">2016-05-16 00:16:35.000</property>
<property name="versionComment"><![CDATA[]]></property>
<property name="originalVersion" class="Page" package="com.atlassian.confluence.pages"><id name="id">983053</id>
</property>
<property name="originalVersionId">983053</property>
<property name="contentStatus"><![CDATA[current]]></property>
</object>
<object class="Page" package="com.atlassian.confluence.pages">
<id name="id">983050</id>
<property name="position"/><property name="hibernateVersion">1</property>
<property name="title"><![CDATA[Bluemix Home]]></property>
<collection name="bodyContents" class="java.util.Collection"><element class="BodyContent" package="com.atlassian.confluence.core"><id name="id">1048581</id>
</element>
</collection>
<collection name="contentProperties" class="java.util.Collection"><element class="ContentProperty" package="com.atlassian.confluence.content"><id name="id">1015830</id>
</element>
<element class="ContentProperty" package="com.atlassian.confluence.content"><id name="id">1015831</id>
</element>
<element class="ContentProperty" package="com.atlassian.confluence.content"><id name="id">1015832</id>
</element>
<element class="ContentProperty" package="com.atlassian.confluence.content"><id name="id">1015833</id>
</element>
</collection>
<property name="version">1</property>
<property name="creator" class="ConfluenceUserImpl" package="com.atlassian.confluence.user"><id name="key">2c9f809154b685fd0154b68777c20002</id>
</property>
<property name="creationDate">2016-05-15 22:31:06.000</property>
<property name="lastModifier" class="ConfluenceUserImpl" package="com.atlassian.confluence.user"><id name="key">2c9f809154b685fd0154b68777c20002</id>
</property>
<property name="lastModificationDate">2016-05-15 22:31:06.000</property>
<property name="versionComment"><![CDATA[]]></property>
<property name="originalVersion" class="Page" package="com.atlassian.confluence.pages"><id name="id">983049</id>
</property>
<property name="originalVersionId">983049</property>
<property name="contentStatus"><![CDATA[current]]></property>
</object>
<object class="Page" package="com.atlassian.confluence.pages">
<id name="id">983051</id>
<property name="position"/><property name="hibernateVersion">2</property>
<property name="title"><![CDATA[Bluemix Home]]></property>
<collection name="bodyContents" class="java.util.Collection"><element class="BodyContent" package="com.atlassian.confluence.core"><id name="id">1048582</id>
</element>
</collection>
<collection name="contentProperties" class="java.util.Collection"><element class="ContentProperty" package="com.atlassian.confluence.content"><id name="id">1015834</id>
</element>
<element class="ContentProperty" package="com.atlassian.confluence.content"><id name="id">1015835</id>
</element>
<element class="ContentProperty" package="com.atlassian.confluence.content"><id name="id">1015836</id>
</element>
<element class="ContentProperty" package="com.atlassian.confluence.content"><id name="id">1015837</id>
</element>
</collection>
<property name="version">2</property>
<property name="creator" class="ConfluenceUserImpl" package="com.atlassian.confluence.user"><id name="key">2c9f809154b685fd0154b68777c20002</id>
</property>
<property name="creationDate">2016-05-15 22:31:06.000</property>
<property name="lastModifier" class="ConfluenceUserImpl" package="com.atlassian.confluence.user"><id name="key">2c9f809154b685fd0154b68777c20002</id>
</property>
<property name="lastModificationDate">2016-05-15 22:31:33.000</property>
<property name="versionComment"><![CDATA[Task marked complete]]></property>
<property name="originalVersion" class="Page" package="com.atlassian.confluence.pages"><id name="id">983049</id>
</property>
<property name="originalVersionId">983049</property>
<property name="contentStatus"><![CDATA[current]]></property>
</object>
<object class="Page" package="com.atlassian.confluence.pages">
<id name="id">983055</id>
<property name="position"/><property name="hibernateVersion">3</property>
<property name="title"><![CDATA[Setting up Confluence]]></property>
<collection name="bodyContents" class="java.util.Collection"><element class="BodyContent" package="com.atlassian.confluence.core"><id name="id">1048586</id>
</element>
</collection>
<collection name="contentProperties" class="java.util.Collection"><element class="ContentProperty" package="com.atlassian.confluence.content"><id name="id">1015842</id>
</element>
<element class="ContentProperty" package="com.atlassian.confluence.content"><id name="id">1015843</id>
</element>
</collection>
<property name="version">1</property>
<property name="creator" class="ConfluenceUserImpl" package="com.atlassian.confluence.user"><id name="key">2c9f809154b685fd0154b68777c20002</id>
</property>
<property name="creationDate">2016-05-15 22:40:04.000</property>
<property name="lastModifier" class="ConfluenceUserImpl" package="com.atlassian.confluence.user"><id name="key">2c9f809154b685fd0154b68777c20002</id>
</property>
<property name="lastModificationDate">2016-05-15 22:40:04.000</property>
<property name="versionComment"><![CDATA[]]></property>
<property name="originalVersion" class="Page" package="com.atlassian.confluence.pages"><id name="id">983053</id>
</property>
<property name="originalVersionId">983053</property>
<property name="contentStatus"><![CDATA[current]]></property>
</object>
<object class="Page" package="com.atlassian.confluence.pages">
<id name="id">983057</id>
<property name="position"/><property name="hibernateVersion">5</property>
<property name="title"><![CDATA[Setting up Confluence]]></property>
<collection name="bodyContents" class="java.util.Collection"><element class="BodyContent" package="com.atlassian.confluence.core"><id name="id">1048588</id>
</element>
</collection>
<collection name="contentProperties" class="java.util.Collection"><element class="ContentProperty" package="com.atlassian.confluence.content"><id name="id">1015844</id>
</element>
<element class="ContentProperty" package="com.atlassian.confluence.content"><id name="id">1015845</id>
</element>
</collection>
<property name="version">2</property>
<property name="creator" class="ConfluenceUserImpl" package="com.atlassian.confluence.user"><id name="key">2c9f809154b685fd0154b68777c20002</id>
</property>
<property name="creationDate">2016-05-15 22:40:04.000</property>
<property name="lastModifier" class="ConfluenceUserImpl" package="com.atlassian.confluence.user"><id name="key">2c9f809154b685fd0154b68777c20002</id>
</property>
<property name="lastModificationDate">2016-05-15 22:51:57.000</property>
<property name="versionComment"><![CDATA[]]></property>
<property name="originalVersion" class="Page" package="com.atlassian.confluence.pages"><id name="id">983053</id>
</property>
<property name="originalVersionId">983053</property>
<property name="contentStatus"><![CDATA[current]]></property>
</object>
<object class="ContentProperty" package="com.atlassian.confluence.content">
<id name="id">1015836</id>
<property name="name"><![CDATA[macro-count.contributors]]></property>
<property name="stringValue"><![CDATA[1-1]]></property>
<property name="longValue"/><property name="dateValue"/></object>
<object class="ContentProperty" package="com.atlassian.confluence.content">
<id name="id">1015837</id>
<property name="name"><![CDATA[macro-create-events-published-for-version]]></property>
<property name="stringValue"/><property name="longValue">1</property>
<property name="dateValue"/></object>
<object class="ContentProperty" package="com.atlassian.confluence.content">
<id name="id">1015834</id>
<property name="name"><![CDATA[macro-count.recently-updated]]></property>
<property name="stringValue"><![CDATA[1-1]]></property>
<property name="longValue"/><property name="dateValue"/></object>
<object class="ContentProperty" package="com.atlassian.confluence.content">
<id name="id">1015835</id>
<property name="name"><![CDATA[macro-count.tip]]></property>
<property name="stringValue"><![CDATA[1-1]]></property>
<property name="longValue"/><property name="dateValue"/></object>
<object class="ContentProperty" package="com.atlassian.confluence.content">
<id name="id">1015832</id>
<property name="name"><![CDATA[macro-count.contributors]]></property>
<property name="stringValue"><![CDATA[1-1]]></property>
<property name="longValue"/><property name="dateValue"/></object>
<object class="ContentProperty" package="com.atlassian.confluence.content">
<id name="id">1015833</id>
<property name="name"><![CDATA[macro-create-events-published-for-version]]></property>
<property name="stringValue"/><property name="longValue">1</property>
<property name="dateValue"/></object>
<object class="ContentProperty" package="com.atlassian.confluence.content">
<id name="id">1015844</id>
<property name="name"><![CDATA[macro-count.code]]></property>
<property name="stringValue"><![CDATA[1-1]]></property>
<property name="longValue"/><property name="dateValue"/></object>
<object class="ContentProperty" package="com.atlassian.confluence.content">
<id name="id">1015845</id>
<property name="name"><![CDATA[macro-create-events-published-for-version]]></property>
<property name="stringValue"/><property name="longValue">1</property>
<property name="dateValue"/></object>
<object class="ContentProperty" package="com.atlassian.confluence.content">
<id name="id">1015842</id>
<property name="name"><![CDATA[macro-count.code]]></property>
<property name="stringValue"><![CDATA[1-1]]></property>
<property name="longValue"/><property name="dateValue"/></object>
<object class="ContentProperty" package="com.atlassian.confluence.content">
<id name="id">1015843</id>
<property name="name"><![CDATA[macro-create-events-published-for-version]]></property>
<property name="stringValue"/><property name="longValue">1</property>
<property name="dateValue"/></object>
<object class="BodyContent" package="com.atlassian.confluence.core">
<id name="id">1048582</id>
<property name="body"><![CDATA[
<ac:layout><ac:layout-section ac:type="single"><ac:layout-cell>
<ac:structured-macro ac:macro-id="8759c341-e4ff-4fe8-aa19-89cf593ae7e8" ac:name="tip" ac:schema-version="1"><ac:parameter ac:name="title">Welcome to your new space!</ac:parameter><ac:rich-text-body>
                    <p>Confluence spaces are great for sharing content and news with your team. This is your home page. Right now it shows recent space activity, but you can customize this page in anyway you like.</p>
                </ac:rich-text-body></ac:structured-macro><h2>Complete these tasks to get started</h2><ac:task-list>
<ac:task>
<ac:task-id>1</ac:task-id>
<ac:task-status>complete</ac:task-status>
<ac:task-body>
                        <strong>Edit this home page</strong> - Click <em>Edit</em> in the top right of this screen to customize your Space home page
                    </ac:task-body>
</ac:task>
<ac:task>
<ac:task-id>2</ac:task-id>
<ac:task-status>incomplete</ac:task-status>
<ac:task-body>
                        <strong>Create your first page</strong> - Click the <em>Create</em> button in the header to get started
                    </ac:task-body>
</ac:task>
<ac:task>
<ac:task-id>3</ac:task-id>
<ac:task-status>incomplete</ac:task-status>
<ac:task-body>
                        <strong>Brand your Space</strong> - Click <em>Configure Sidebar</em> in the left panel to update space details and logo
                    </ac:task-body>
</ac:task>
<ac:task>
<ac:task-id>4</ac:task-id>
<ac:task-status>incomplete</ac:task-status>
<ac:task-body>
                        <strong>Set permissions</strong> - Click <em>Space Tools</em> in the left sidebar to update permissions and give others access
                    </ac:task-body>
</ac:task>
</ac:task-list>

<p>&nbsp;</p></ac:layout-cell></ac:layout-section><ac:layout-section ac:type="two_equal"><ac:layout-cell>
<h2>Recent space activity</h2><p>
                    <ac:structured-macro ac:macro-id="7832d12e-9743-435a-8226-72bb6a1d42b6" ac:name="recently-updated" ac:schema-version="1"><ac:parameter ac:name="types">page, comment, blogpost</ac:parameter><ac:parameter ac:name="max">5</ac:parameter><ac:parameter ac:name="hideHeading">true</ac:parameter><ac:parameter ac:name="theme">social</ac:parameter></ac:structured-macro>
                </p></ac:layout-cell><ac:layout-cell>
<h2>Space contributors</h2><p>
                    <ac:structured-macro ac:macro-id="c028a9a6-d67f-4ba2-ae3b-e39b2d38965a" ac:name="contributors" ac:schema-version="1"><ac:parameter ac:name="mode">list</ac:parameter><ac:parameter ac:name="scope">descendants</ac:parameter><ac:parameter ac:name="limit">5</ac:parameter><ac:parameter ac:name="showLastTime">true</ac:parameter><ac:parameter ac:name="order">update</ac:parameter></ac:structured-macro>
                </p></ac:layout-cell></ac:layout-section><ac:layout-section ac:type="single"><ac:layout-cell>
<p>&nbsp;</p></ac:layout-cell></ac:layout-section></ac:layout>]]></property>
<property name="content" class="Page" package="com.atlassian.confluence.pages"><id name="id">983051</id>
</property>
<property name="bodyType">2</property>
</object>
<object class="ContentProperty" package="com.atlassian.confluence.content">
<id name="id">1015852</id>
<property name="name"><![CDATA[macro-count.code]]></property>
<property name="stringValue"><![CDATA[3-8]]></property>
<property name="longValue"/><property name="dateValue"/></object>
<object class="ContentProperty" package="com.atlassian.confluence.content">
<id name="id">1015853</id>
<property name="name"><![CDATA[macro-create-events-published-for-version]]></property>
<property name="stringValue"/><property name="longValue">3</property>
<property name="dateValue"/></object>
<object class="BodyContent" package="com.atlassian.confluence.core">
<id name="id">1048579</id>
<property name="body"><![CDATA[]]></property>
<property name="content" class="SpaceDescription" package="com.atlassian.confluence.spaces"><id name="id">983048</id>
</property>
<property name="bodyType">0</property>
</object>
<object class="ContentProperty" package="com.atlassian.confluence.content">
<id name="id">1015848</id>
<property name="name"><![CDATA[macro-count.code]]></property>
<property name="stringValue"><![CDATA[2-7]]></property>
<property name="longValue"/><property name="dateValue"/></object>
<object class="ContentProperty" package="com.atlassian.confluence.content">
<id name="id">1015849</id>
<property name="name"><![CDATA[macro-create-events-published-for-version]]></property>
<property name="stringValue"/><property name="longValue">2</property>
<property name="dateValue"/></object>
<object class="BodyContent" package="com.atlassian.confluence.core">
<id name="id">1048581</id>
<property name="body"><![CDATA[
<ac:layout><ac:layout-section ac:type="single"><ac:layout-cell>
<ac:structured-macro ac:macro-id="8759c341-e4ff-4fe8-aa19-89cf593ae7e8" ac:name="tip" ac:schema-version="1"><ac:parameter ac:name="title">Welcome to your new space!</ac:parameter><ac:rich-text-body>
                    <p>Confluence spaces are great for sharing content and news with your team. This is your home page. Right now it shows recent space activity, but you can customize this page in anyway you like.</p>
                </ac:rich-text-body></ac:structured-macro><h2>Complete these tasks to get started</h2><ac:task-list>
<ac:task>
<ac:task-id>1</ac:task-id>
<ac:task-status>incomplete</ac:task-status>
<ac:task-body>
                        <strong>Edit this home page</strong> - Click <em>Edit</em> in the top right of this screen to customize your Space home page
                    </ac:task-body>
</ac:task>
<ac:task>
<ac:task-id>2</ac:task-id>
<ac:task-status>incomplete</ac:task-status>
<ac:task-body>
                        <strong>Create your first page</strong> - Click the <em>Create</em> button in the header to get started
                    </ac:task-body>
</ac:task>
<ac:task>
<ac:task-id>3</ac:task-id>
<ac:task-status>incomplete</ac:task-status>
<ac:task-body>
                        <strong>Brand your Space</strong> - Click <em>Configure Sidebar</em> in the left panel to update space details and logo
                    </ac:task-body>
</ac:task>
<ac:task>
<ac:task-id>4</ac:task-id>
<ac:task-status>incomplete</ac:task-status>
<ac:task-body>
                        <strong>Set permissions</strong> - Click <em>Space Tools</em> in the left sidebar to update permissions and give others access
                    </ac:task-body>
</ac:task>
</ac:task-list>

<p>&nbsp;</p></ac:layout-cell></ac:layout-section><ac:layout-section ac:type="two_equal"><ac:layout-cell>
<h2>Recent space activity</h2><p>
                    <ac:structured-macro ac:macro-id="7832d12e-9743-435a-8226-72bb6a1d42b6" ac:name="recently-updated" ac:schema-version="1"><ac:parameter ac:name="types">page, comment, blogpost</ac:parameter><ac:parameter ac:name="max">5</ac:parameter><ac:parameter ac:name="hideHeading">true</ac:parameter><ac:parameter ac:name="theme">social</ac:parameter></ac:structured-macro>
                </p></ac:layout-cell><ac:layout-cell>
<h2>Space contributors</h2><p>
                    <ac:structured-macro ac:macro-id="c028a9a6-d67f-4ba2-ae3b-e39b2d38965a" ac:name="contributors" ac:schema-version="1"><ac:parameter ac:name="mode">list</ac:parameter><ac:parameter ac:name="scope">descendants</ac:parameter><ac:parameter ac:name="limit">5</ac:parameter><ac:parameter ac:name="showLastTime">true</ac:parameter><ac:parameter ac:name="order">update</ac:parameter></ac:structured-macro>
                </p></ac:layout-cell></ac:layout-section><ac:layout-section ac:type="single"><ac:layout-cell>
<p>&nbsp;</p></ac:layout-cell></ac:layout-section></ac:layout>]]></property>
<property name="content" class="Page" package="com.atlassian.confluence.pages"><id name="id">983050</id>
</property>
<property name="bodyType">2</property>
</object>
<object class="BodyContent" package="com.atlassian.confluence.core">
<id name="id">1048590</id>
<property name="body"><![CDATA[<ol><li>From Bluemix dashboard, create Container (use the ibmnode:latest)</li><li><p>Get container id. Open Docker tool and run</p><ac:structured-macro ac:macro-id="d1c88e15-550f-4340-b02a-983dff715b2e" ac:name="code" ac:schema-version="1"><ac:parameter ac:name="language">bash</ac:parameter><ac:plain-text-body><![CDATA[cf ic ps]] ></ac:plain-text-body></ac:structured-macro></li><li><p>Login to the container</p><ac:structured-macro ac:macro-id="a597aa28-9c22-41f4-bcaf-4b65c3ee9a0c" ac:name="code" ac:schema-version="1"><ac:parameter ac:name="language">bash</ac:parameter><ac:plain-text-body><![CDATA[ cf ic exec -it 6856a008-993 bash]] ></ac:plain-text-body></ac:structured-macro><p>where 6856a008-993 is the sample value that you get from previous step</p></li><li><p>Create new folder in the Container and get the Confluence installation file and Mysql driver</p><ac:structured-macro ac:macro-id="49969968-de30-46af-bc99-0019991f383b" ac:name="code" ac:schema-version="1"><ac:parameter ac:name="language">bash</ac:parameter><ac:plain-text-body><![CDATA[mkdir tools
cd tools
apt-get install wget
chmod a+x atlassian-confluence-5.9.10-x64.bin
apt-get update
apt-get install mysql-server
wget http://dev.mysql.com/get/Downloads/Connector-J/mysql-connector-java-5.1.39.tar.gz
tar -zxvf mysql-connector-java-5.1.39.tar.gz]] ></ac:plain-text-body></ac:structured-macro></li><li><p>Start MySQL service and login to the MySQL</p><ac:structured-macro ac:macro-id="ab7008b4-9430-4f0e-bffa-ef82b02fb056" ac:name="code" ac:schema-version="1"><ac:parameter ac:name="language">bash</ac:parameter><ac:plain-text-body><![CDATA[service mysql start
mysql -u root -p]] ></ac:plain-text-body></ac:structured-macro></li><li><p>Create the database table and grant privilege for the root</p><ac:structured-macro ac:macro-id="4c0b3c29-7a5b-4246-9452-1ac671382bcc" ac:name="code" ac:schema-version="1"><ac:parameter ac:name="language">bash</ac:parameter><ac:plain-text-body><![CDATA[CREATE DATABASE confluence CHARACTER SET utf8 COLLATE utf8_bin;

GRANT ALL PRIVILEGES ON confluence.* TO 'root'@'localhost' IDENTIFIED BY 'time2fly';]] ></ac:plain-text-body></ac:structured-macro></li><li><p>Install Confluence<br /><br /></p><ac:structured-macro ac:macro-id="6ac1e9ca-747b-4b7c-805c-6d5a355a8c0d" ac:name="code" ac:schema-version="1"><ac:parameter ac:name="language">bash</ac:parameter><ac:plain-text-body><![CDATA[cd /tools
./atlassian-confluence-5.9.10-x64.bin]] ></ac:plain-text-body></ac:structured-macro></li><li><p>Copy the MySQL driver to Confluence library path<br /><br /></p><ol><li><ac:structured-macro ac:macro-id="8c3a83dc-75c4-4448-a604-3cba01dbd290" ac:name="code" ac:schema-version="1"><ac:parameter ac:name="language">bash</ac:parameter><ac:plain-text-body><![CDATA[cp mysql-connector-java-5.1.39-bin.jar /opt/atlassian/confluence/lib]] ></ac:plain-text-body></ac:structured-macro></li></ol></li></ol><p><br /><br />./atlassian-confluence-5.9.10-x64.bin<br /><br />/opt/atlassian/confluence/confluence/lib<br /><br /><br />service mysql start</p>]]></property>
<property name="content" class="Page" package="com.atlassian.confluence.pages"><id name="id">983059</id>
</property>
<property name="bodyType">2</property>
</object>
<object class="ContentProperty" package="com.atlassian.confluence.content">
<id name="id">1015830</id>
<property name="name"><![CDATA[macro-count.recently-updated]]></property>
<property name="stringValue"><![CDATA[1-1]]></property>
<property name="longValue"/><property name="dateValue"/></object>
<object class="BodyContent" package="com.atlassian.confluence.core">
<id name="id">1048591</id>
<property name="body"><![CDATA[<ol><li>From Bluemix dashboard, create Container (use the ibmnode:latest)</li><li><p>Get container id. Open Docker tool and run</p><ac:structured-macro ac:macro-id="d1c88e15-550f-4340-b02a-983dff715b2e" ac:name="code" ac:schema-version="1"><ac:parameter ac:name="language">bash</ac:parameter><ac:plain-text-body><![CDATA[cf ic ps]] ></ac:plain-text-body></ac:structured-macro></li><li><p>Login to the container</p><ac:structured-macro ac:macro-id="a597aa28-9c22-41f4-bcaf-4b65c3ee9a0c" ac:name="code" ac:schema-version="1"><ac:parameter ac:name="language">bash</ac:parameter><ac:plain-text-body><![CDATA[ cf ic exec -it 6856a008-993 bash]] ></ac:plain-text-body></ac:structured-macro><p>where 6856a008-993 is the sample value that you get from previous step</p></li><li><p>Create new folder in the Container and get the Confluence installation file and Mysql driver</p><ac:structured-macro ac:macro-id="49969968-de30-46af-bc99-0019991f383b" ac:name="code" ac:schema-version="1"><ac:parameter ac:name="language">bash</ac:parameter><ac:plain-text-body><![CDATA[mkdir tools
cd tools
apt-get install wget
chmod a+x atlassian-confluence-5.9.10-x64.bin
apt-get update
apt-get install mysql-server
wget http://dev.mysql.com/get/Downloads/Connector-J/mysql-connector-java-5.1.39.tar.gz
tar -zxvf mysql-connector-java-5.1.39.tar.gz]] ></ac:plain-text-body></ac:structured-macro></li><li><p>Start MySQL service and login to the MySQL</p><ac:structured-macro ac:macro-id="ab7008b4-9430-4f0e-bffa-ef82b02fb056" ac:name="code" ac:schema-version="1"><ac:parameter ac:name="language">bash</ac:parameter><ac:plain-text-body><![CDATA[service mysql start
mysql -u root -p]] ></ac:plain-text-body></ac:structured-macro></li><li><p>Create the database table and grant privilege for the root</p><ac:structured-macro ac:macro-id="4c0b3c29-7a5b-4246-9452-1ac671382bcc" ac:name="code" ac:schema-version="1"><ac:parameter ac:name="language">bash</ac:parameter><ac:plain-text-body><![CDATA[CREATE DATABASE confluence CHARACTER SET utf8 COLLATE utf8_bin;

GRANT ALL PRIVILEGES ON confluence.* TO 'root'@'localhost' IDENTIFIED BY 'time2fly';]] ></ac:plain-text-body></ac:structured-macro></li><li><p>Install Confluence<br /><br /></p><ac:structured-macro ac:macro-id="6ac1e9ca-747b-4b7c-805c-6d5a355a8c0d" ac:name="code" ac:schema-version="1"><ac:parameter ac:name="language">bash</ac:parameter><ac:plain-text-body><![CDATA[cd /tools
./atlassian-confluence-5.9.10-x64.bin]] ></ac:plain-text-body></ac:structured-macro></li><li><p>Copy the MySQL driver to Confluence library path<br /><br /></p><ac:structured-macro ac:macro-id="8c3a83dc-75c4-4448-a604-3cba01dbd290" ac:name="code" ac:schema-version="1"><ac:parameter ac:name="language">bash</ac:parameter><ac:plain-text-body><![CDATA[cp mysql-connector-java-5.1.39-bin.jar /opt/atlassian/confluence/lib]] ></ac:plain-text-body></ac:structured-macro></li><li><p>Restart Confluence<br /><br /></p><ac:structured-macro ac:macro-id="e31a15b9-fe1b-42d1-a9da-7d7bb01b4a4a" ac:name="code" ac:schema-version="1"><ac:parameter ac:name="language">bash</ac:parameter><ac:plain-text-body><![CDATA[cd /opt/atlassian/confluence/bin
./shutdown.sh
./startup.sh]] ></ac:plain-text-body></ac:structured-macro></li><li>Run Setup from <a href="http://169.44.5.77:8090">http://169.44.5.77:8090</a></li></ol><p>&nbsp;</p><p>&nbsp;</p><p>&nbsp;</p><p><br /><br /><br /><br />service mysql start</p>]]></property>
<property name="content" class="Page" package="com.atlassian.confluence.pages"><id name="id">983060</id>
</property>
<property name="bodyType">2</property>
</object>
<object class="ContentProperty" package="com.atlassian.confluence.content">
<id name="id">1015831</id>
<property name="name"><![CDATA[macro-count.tip]]></property>
<property name="stringValue"><![CDATA[1-1]]></property>
<property name="longValue"/><property name="dateValue"/></object>
<object class="BodyContent" package="com.atlassian.confluence.core">
<id name="id">1048586</id>
<property name="body"><![CDATA[<ol><li>From Bluemix dashboard, create Container</li><li>Get container id<br /><br /></li></ol><p>Open Docker tool and run</p><p>cf ic</p><p>mkdir tools<br />cd tools<br />apt-get install wget<br />wget <a href="https://www.atlassian.com/software/confluence/downloads/binary/atlassian-confluence-5.9.10-x64.bin">https://www.atlassian.com/software/confluence/downloads/binary/atlassian-confluence-5.9.10-x64.bin</a><br />chmod a+x atlassian-confluence-5.9.10-x64.bin<br />apt-get update<br />apt-get install mysql-server<br /><br />wget <a href="http://dev.mysql.com/get/Downloads/Connector-J/mysql-connector-java-5.1.39.tar.gz">http://dev.mysql.com/get/Downloads/Connector-J/mysql-connector-java-5.1.39.tar.gz</a><br />tar -zxvf mysql-connector-java-5.1.39.tar.gz<br /><br />cp mysql-connector-java-5.1.39-bin.jar /opt/atlassian/confluence/lib<br /><br />service mysql start<br /><br />mysql -u root -p<br /><br />CREATE DATABASE confluence CHARACTER SET utf8 COLLATE utf8_bin;<br /><br />GRANT ALL PRIVILEGES ON confluence.* TO 'root'@'localhost' IDENTIFIED BY 'time2fly';<br /><br /><br />./atlassian-confluence-5.9.10-x64.bin<br /><br />/opt/atlassian/confluence/confluence/lib<br /><br /><br />service mysql start</p>]]></property>
<property name="content" class="Page" package="com.atlassian.confluence.pages"><id name="id">983055</id>
</property>
<property name="bodyType">2</property>
</object>
<object class="BodyContent" package="com.atlassian.confluence.core">
<id name="id">1048588</id>
<property name="body"><![CDATA[<ol><li>From Bluemix dashboard, create Container</li><li><p>Get container id. Open Docker tool and run</p><ac:structured-macro ac:macro-id="d1c88e15-550f-4340-b02a-983dff715b2e" ac:name="code" ac:schema-version="1"><ac:parameter ac:name="language">bash</ac:parameter><ac:plain-text-body><![CDATA[cf ic ps]] ></ac:plain-text-body></ac:structured-macro></li><li><p>Login to the container</p><ac:structured-macro ac:macro-id="a597aa28-9c22-41f4-bcaf-4b65c3ee9a0c" ac:name="code" ac:schema-version="1"><ac:parameter ac:name="language">bash</ac:parameter><ac:plain-text-body><![CDATA[ cf ic exec -it 6856a008-993 bash]] ></ac:plain-text-body></ac:structured-macro><p>where 6856a008-993 is the sample value that you get from previous step</p></li><li><p>Create new folder in the Container and get the Confluence installation file and Mysql driver</p><ac:structured-macro ac:macro-id="49969968-de30-46af-bc99-0019991f383b" ac:name="code" ac:schema-version="1"><ac:parameter ac:name="language">bash</ac:parameter><ac:plain-text-body><![CDATA[mkdir tools
cd tools
apt-get install wget
chmod a+x atlassian-confluence-5.9.10-x64.bin
apt-get update
apt-get install mysql-server
wget http://dev.mysql.com/get/Downloads/Connector-J/mysql-connector-java-5.1.39.tar.gz
tar -zxvf mysql-connector-java-5.1.39.tar.gz]] ></ac:plain-text-body></ac:structured-macro></li></ol><p><br /><br />cp mysql-connector-java-5.1.39-bin.jar /opt/atlassian/confluence/lib<br /><br />service mysql start<br /><br />mysql -u root -p<br /><br />CREATE DATABASE confluence CHARACTER SET utf8 COLLATE utf8_bin;<br /><br />GRANT ALL PRIVILEGES ON confluence.* TO 'root'@'localhost' IDENTIFIED BY 'time2fly';<br /><br /><br />./atlassian-confluence-5.9.10-x64.bin<br /><br />/opt/atlassian/confluence/confluence/lib<br /><br /><br />service mysql start</p>]]></property>
<property name="content" class="Page" package="com.atlassian.confluence.pages"><id name="id">983057</id>
</property>
<property name="bodyType">2</property>
</object>
</hibernate-generic>